time(d),htop(cm),hbot(cm),ctop(mg/L),cbot(mg/L), water_input(cm),ET(cm),water_drainage(cm),water_tot(cm),water_MB_error(%),pfas_in(mg),pfas_decay(mg),pfas_discharge(mg),pfas_tot(mg),pfas_MB_error(%)
 1.0000000E-08,-6.0622189E+01,-6.0622189E+01, 3.7727812E-09, 4.1407000E-28, 4.0000000E-08, 0.0000000E+00, 4.0000000E-08, 1.9190843E+00, 1.1570341E-14, 1.0000000E-11, 0.0000000E+00, 1.6562800E-38, 1.0000000E-11, 3.7973195E-10
 2.0000000E-08,-6.0622189E+01,-6.0622189E+01, 8.2489016E-09, 4.1407000E-28, 8.0000000E-08, 0.0000000E+00, 8.0000000E-08, 1.9190843E+00, 1.1570341E-14, 2.0000000E-11, 0.0000000E+00, 3.3125600E-38, 2.0000000E-11, 7.4192495E-09
 3.5000000E-08,-6.0622189E+01,-6.0622189E+01, 1.5497766E-08, 4.1407000E-28, 1.4000000E-07, 0.0000000E+00, 1.4000000E-07, 1.9190843E+00, 1.1570340E-14, 3.5000000E-11, 0.0000000E+00, 5.7969800E-38, 3.5000000E-11, 5.6714569E-09
 5.7500000E-08,-6.0622189E+01,-6.0622189E+01, 2.7095366E-08, 4.1407000E-28, 2.3000000E-07, 0.0000000E+00, 2.3000000E-07, 1.9190843E+00, 1.1570340E-14, 5.7500000E-11, 0.0000000E+00, 9.5236100E-38, 5.7500000E-11, 4.0023117E-09
 9.1250000E-08,-6.0622189E+01,-6.0622189E+01, 4.5531409E-08, 4.1407000E-28, 3.6500000E-07, 0.0000000E+00, 3.6500000E-07, 1.9190843E+00, 1.1570339E-14, 9.1250000E-11, 0.0000000E+00, 1.5113555E-37, 9.1250000E-11, 2.8193672E-09
 1.4187500E-07,-6.0622189E+01,-6.0622189E+01, 7.4723992E-08, 4.1407000E-28, 5.6750000E-07, 0.0000000E+00, 5.6750000E-07, 1.9190843E+00, 1.1570338E-14, 1.4187500E-10, 0.0000000E+00, 2.3498472E-37, 1.4187500E-10, 2.0086818E-09
 2.1781250E-07,-6.0622189E+01,-6.0622189E+01, 1.2082967E-07, 4.1407000E-28, 8.7125000E-07, 0.0000000E+00, 8.7125000E-07, 1.9190843E+00, 1.1570336E-14, 2.1781250E-10, 0.0000000E+00, 3.6075849E-37, 2.1781250E-10, 1.3084399E-09
 3.3171875E-07,-6.0622189E+01,-6.0622189E+01, 1.9351299E-07, 4.1407000E-28, 1.3268750E-06, 0.0000000E+00, 1.3268750E-06, 1.9190843E+00, 1.1570333E-14, 3.3171875E-10, 0.0000000E+00, 5.4941913E-37, 3.3171875E-10, 8.5914520E-10
 5.0257813E-07,-6.0622189E+01,-6.0622189E+01, 3.0793324E-07, 4.1407000E-28, 2.0103125E-06, 0.0000000E+00, 2.0103125E-06, 1.9190843E+00, 1.1570329E-14, 5.0257813E-10, 0.0000000E+00, 8.3241009E-37, 5.0257812E-10, 5.6706521E-10
 7.5886719E-07,-6.0622189E+01,-6.0622189E+01, 4.8785042E-07, 4.1407000E-28, 3.0354687E-06, 0.0000000E+00, 3.0354687E-06, 1.9190843E+00, 2.3140646E-14, 7.5886719E-10, 0.0000000E+00, 1.2568965E-36, 7.5886719E-10, 3.7557520E-10
 1.1433008E-06,-6.0622189E+01,-6.0622189E+01, 7.7047703E-07, 4.1407000E-28, 4.5732031E-06, 0.0000000E+00, 4.5732031E-06, 1.9190843E+00, 3.4710941E-14, 1.1433008E-09, 0.0000000E+00, 1.8936262E-36, 1.1433008E-09, 2.4928098E-10
 1.7199512E-06,-6.0622189E+01,-6.0622189E+01, 1.2140501E-06, 4.1407000E-28, 6.8798047E-06, 0.0000000E+00, 6.8798047E-06, 1.9190843E+00, 2.3140600E-14, 1.7199512E-09, 0.0000000E+00, 2.8487207E-36, 1.7199512E-09, 1.6568429E-10
 2.5849268E-06,-6.0622189E+01,-6.0622189E+01, 1.9096388E-06, 4.1407000E-28, 1.0339707E-05, 0.0000000E+00, 1.0339707E-05, 1.9190843E+00, 3.4710837E-14, 2.5849268E-09, 0.0000000E+00, 4.2813625E-36, 2.5849268E-09, 1.1021604E-10
 3.8823901E-06,-6.0622189E+01,-6.0622189E+01, 2.9995392E-06, 4.1407000E-28, 1.5529560E-05, 0.0000000E+00, 1.5529560E-05, 1.9190843E+00, 2.3140495E-14, 3.8823901E-09, 0.0000000E+00, 6.4303251E-36, 3.8823901E-09, 7.3400373E-11
 5.8285852E-06,-6.0622189E+01,-6.0622189E+01, 4.7059061E-06, 4.1407000E-28, 2.3314341E-05, 0.0000000E+00, 2.3314341E-05, 1.9190843E+00, 2.3140402E-14, 5.8285852E-09, 0.0000000E+00, 9.6537691E-36, 5.8285852E-09, 4.8891604E-11
 8.7478778E-06,-6.0622189E+01,-6.0622189E+01, 7.3752703E-06, 4.1407000E-28, 3.4991511E-05, 0.0000000E+00, 3.4991511E-05, 1.9190843E+00,-3.4710391E-14, 8.7478778E-09, 0.0000000E+00, 1.4488935E-35, 8.7478778E-09, 3.2560112E-11
 1.3126817E-05,-6.0622189E+01,-6.0622189E+01, 1.1547682E-05, 4.1407000E-28, 5.2507267E-05, 0.0000000E+00, 5.2507267E-05, 1.9190843E+00,-5.7850124E-14, 1.3126817E-08, 0.0000000E+00, 2.1741684E-35, 1.3126817E-08, 2.1646288E-11
 1.9695225E-05,-6.0622189E+01,-6.0622189E+01, 1.8063967E-05, 4.1407000E-28, 7.8780900E-05, 0.0000000E+00, 7.8780900E-05, 1.9190843E+00,-5.7849332E-14, 1.9695225E-08, 0.0000000E+00, 3.2620807E-35, 1.9695225E-08, 1.4468933E-11
 2.9547838E-05,-6.0622189E+01,-6.0622189E+01, 2.8231865E-05, 4.1407000E-28, 1.1819135E-04, 0.0000000E+00, 1.1819135E-04, 1.9190843E+00,-5.7848144E-14, 2.9547838E-08, 0.0000000E+00, 4.8939492E-35, 2.9547838E-08, 9.6072292E-12
 4.4326756E-05,-6.0622189E+01,-6.0622189E+01, 4.4082916E-05, 4.1407000E-28, 1.7730702E-04, 0.0000000E+00, 1.7730702E-04, 1.9190843E+00,-5.7846362E-14, 4.4326756E-08, 0.0000000E+00, 7.3417520E-35, 4.4326756E-08, 6.4535495E-12
 6.6495135E-05,-6.0622189E+01,-6.0622189E+01, 6.8768760E-05, 4.1407000E-28, 2.6598054E-04, 0.0000000E+00, 2.6598054E-04, 1.9190843E+00,-4.6274952E-14, 6.6495135E-08, 0.0000000E+00, 1.1013456E-34, 6.6495135E-08, 4.2855599E-12
 9.9747702E-05,-6.0622189E+01,-6.0622189E+01, 1.0717067E-04, 4.1407000E-28, 3.9899081E-04, 0.0000000E+00, 3.9899081E-04, 1.9190843E+00, 1.1567936E-14, 9.9747702E-08, 0.0000000E+00, 1.6521012E-34, 9.9747702E-08, 2.8349206E-12
 1.4962655E-04,-6.0622189E+01,-6.0622189E+01, 1.6683304E-04, 4.1407000E-28, 5.9850621E-04, 0.0000000E+00, 5.9850621E-04, 1.9190843E+00, 2.3133468E-14, 1.4962655E-07, 0.0000000E+00, 2.4782347E-34, 1.4962655E-07, 1.8605834E-12
 2.2444483E-04,-6.0622189E+01,-6.0622189E+01, 2.5938432E-04, 4.1407000E-28, 8.9777931E-04, 0.0000000E+00, 8.9777931E-04, 1.9190843E+00, 2.3129862E-14, 2.2444483E-07, 0.0000000E+00, 3.7174348E-34, 2.2444483E-07, 1.2305947E-12
 3.3667224E-04,-6.0622189E+01,-6.0622189E+01, 4.0268023E-04, 4.1407000E-28, 1.3466890E-03, 0.0000000E+00, 1.3466890E-03, 1.9190843E+00, 2.3124455E-14, 3.3667224E-07, 0.0000000E+00, 5.5762350E-34, 3.3667224E-07, 8.3340623E-13
 5.0501337E-04,-6.0622189E+01,-6.0622189E+01, 6.2399198E-04, 4.1407000E-28, 2.0200535E-03, 0.0000000E+00, 2.0200535E-03, 1.9190843E+00, 2.3116350E-14, 5.0501337E-07, 0.0000000E+00, 8.3644353E-34, 5.0501337E-07, 5.3823620E-13
 7.5752505E-04,-6.0622189E+01,-6.0622189E+01, 9.6464796E-04, 4.1407000E-28, 3.0301002E-03, 0.0000000E+00, 3.0301002E-03, 1.9190843E+00, 2.3104203E-14, 7.5752505E-07, 0.0000000E+00, 1.2546736E-33, 7.5752505E-07, 3.5882176E-13
 1.1362926E-03,-6.0622189E+01,-6.0622189E+01, 1.4865642E-03, 4.1407000E-28, 4.5451703E-03, 0.0000000E+00, 4.5451703E-03, 1.9190843E+00, 0.0000000E+00, 1.1362926E-06, 0.0000000E+00, 1.8820187E-33, 1.1362926E-06, 2.3149689E-13
 1.7044439E-03,-6.0622189E+01,-6.0622189E+01, 2.2809280E-03, 4.1407000E-28, 6.8177754E-03, 0.0000000E+00, 6.8177754E-03, 1.9190843E+00, 1.1529382E-14, 1.7044439E-06, 0.0000000E+00, 2.8230363E-33, 1.7044439E-06, 1.6461953E-13
 2.5566708E-03,-6.0622189E+01,-6.0622189E+01, 3.4786625E-03, 4.1407000E-28, 1.0226683E-02, 0.0000000E+00, 1.0226683E-02, 1.9190843E+00,-1.1509011E-14, 2.5566708E-06, 0.0000000E+00, 4.2345627E-33, 2.5566708E-06, 1.0974614E-13
 3.8350112E-03,-6.0622189E+01,-6.0622189E+01, 5.2607988E-03, 4.1407000E-28, 1.5340045E-02, 0.0000000E+00, 1.5340045E-02, 1.9190843E+00,-6.8871529E-14, 3.8350112E-06, 0.0000000E+00, 6.3518523E-33, 3.8350112E-06, 9.1454996E-14
 5.7525218E-03,-6.0622189E+01,-6.0622189E+01, 7.8643037E-03, 4.1407000E-28, 2.3010087E-02, 0.0000000E+00, 2.3010087E-02, 1.9190843E+00,-4.5733020E-14, 5.7525218E-06, 0.0000000E+00, 9.5277867E-33, 5.7525218E-06, 7.3163933E-14
 8.6287877E-03,-6.0622189E+01,-6.0622189E+01, 1.1576184E-02, 4.1407000E-28, 3.4515151E-02, 0.0000000E+00, 3.4515151E-02, 1.9190843E+00, 2.2731845E-14, 8.6287877E-06, 0.0000000E+00, 1.4291688E-32, 8.6287877E-06, 1.3006914E-13
 1.2943186E-02,-6.0622189E+01,-6.0622189E+01, 1.6709322E-02, 4.1407000E-28, 5.1772746E-02, 0.0000000E+00, 5.1772746E-02, 1.9190843E+00,-5.6331991E-14, 1.2943186E-05, 0.0000000E+00, 2.1437541E-32, 1.2943186E-05, 3.4685090E-13
 1.9414785E-02,-6.0622189E+01,-6.0622189E+01, 2.3562467E-02, 4.1407000E-28, 7.7659139E-02, 0.0000000E+00, 7.7659139E-02, 1.9190843E+00,-1.3344405E-13, 1.9414785E-05, 0.0000000E+00, 3.2156320E-32, 1.9414785E-05, 8.8157915E-13
 2.9122182E-02,-6.0622189E+01,-6.0622189E+01, 3.2381997E-02, 4.1407000E-28, 1.1648873E-01, 0.0000000E+00, 1.1648873E-01, 1.9190843E+00,-2.1816422E-13, 2.9122182E-05, 0.0000000E+00, 4.8234488E-32, 2.9122182E-05, 3.0445788E-12
 4.3683278E-02,-6.0622189E+01,-6.0622189E+01, 4.3346912E-02, 2.7655664E-26, 1.7473311E-01, 0.0000000E+00, 1.7473311E-01, 1.9190843E+00,-5.3023870E-13, 4.3683278E-05, 0.0000000E+00, 1.6590216E-30, 4.3683278E-05, 3.3400439E-12
 6.5524922E-02,-6.0622189E+01,-6.0622189E+01, 5.6575711E-02, 7.7021156E-18, 2.6209969E-01, 0.0000000E+00, 2.6209969E-01, 1.9190843E+00,-5.4972018E-13, 6.5524922E-05, 0.0000000E+00, 6.7290747E-22, 6.5524922E-05, 2.2266958E-12
 9.8287388E-02,-6.0622189E+01,-6.0622189E+01, 7.2126284E-02, 3.6911735E-12, 3.9314955E-01, 0.0000000E+00, 3.9314955E-01, 1.9190843E+00,-1.8437825E-12, 9.8287388E-05, 0.0000000E+00, 4.8372846E-16, 9.8287388E-05, 2.3294662E-12
 1.0000000E-01,-6.0622189E+01,-6.0622189E+01, 6.9958567E-02, 3.9261203E-12, 4.0000000E-01, 0.0000000E+00, 4.0000000E-01, 1.9190843E+00,-1.8000374E-12, 9.8287388E-05, 0.0000000E+00, 5.1062413E-16, 9.8287388E-05, 2.3294662E-12
 1.0256892E-01,-6.0622189E+01,-6.0622189E+01, 6.7035271E-02, 4.3172668E-12, 4.1027567E-01, 0.0000000E+00, 4.1027567E-01, 1.9190843E+00,-1.7920968E-12, 9.8287388E-05, 0.0000000E+00, 5.5498694E-16, 9.8287388E-05, 2.3637231E-12
 1.0642229E-01,-6.0622189E+01,-6.0622189E+01, 6.3243967E-02, 5.0076338E-12, 4.2568917E-01, 0.0000000E+00, 4.2568917E-01, 1.9190843E+00,-1.8939536E-12, 9.8287388E-05, 0.0000000E+00, 6.3217213E-16, 9.8287388E-05, 2.4322368E-12
 1.1220236E-01,-6.0622189E+01,-6.0622189E+01, 5.8551997E-02, 6.3507590E-12, 4.4880943E-01, 0.0000000E+00, 4.4880943E-01, 1.9190843E+00,-1.8379517E-12, 9.8287388E-05, 0.0000000E+00, 7.7900330E-16, 9.8287388E-05, 2.5806832E-12
 1.2087245E-01,-6.0622189E+01,-6.0622189E+01, 5.3040947E-02, 9.4617339E-12, 4.8348981E-01, 0.0000000E+00, 4.8348981E-01, 1.9190843E+00,-1.8299053E-12, 9.8287388E-05, 0.0000000E+00, 1.1071399E-15, 9.8287388E-05, 2.8090622E-12
 1.3387760E-01,-6.0622189E+01,-6.0622189E+01, 4.6906812E-02, 1.9755290E-11, 5.3551039E-01, 0.0000000E+00, 5.3551039E-01, 1.9190843E+00,-1.7549396E-12, 9.8287388E-05, 0.0000000E+00, 2.1348214E-15, 9.8287388E-05, 3.0260223E-12
 1.5338531E-01,-6.0622189E+01,-6.0622189E+01, 4.0422503E-02, 9.9878122E-11, 6.1354126E-01, 0.0000000E+00, 6.1354126E-01, 1.9190843E+00,-1.4203136E-12, 9.8287388E-05, 0.0000000E+00, 9.9283978E-15, 9.8287388E-05, 3.4827804E-12
 1.8264689E-01,-6.0622189E+01,-6.0622189E+01, 3.3885694E-02, 2.7976536E-09, 7.3058755E-01, 0.0000000E+00, 7.3058755E-01, 1.9190843E+00,-1.0726502E-12, 9.8287388E-05, 0.0000000E+00, 3.3738340E-13, 9.8287388E-05, 1.8886947E-10
 2.2653925E-01,-6.0622189E+01,-6.0622189E+01, 2.7576944E-02, 1.5321753E-07, 9.0615700E-01, 0.0000000E+00, 9.0615700E-01, 1.9190843E+00,-1.9176728E-12, 9.8287388E-05, 0.0000000E+00, 2.7237700E-11, 9.8287361E-05,-3.2863744E-11
 2.9237779E-01,-6.0622189E+01,-6.0622189E+01, 2.1733662E-02, 4.5772843E-06, 1.1695112E+00, 0.0000000E+00, 1.1695112E+00, 1.9190843E+00,-1.1934034E-12, 9.8287388E-05, 0.0000000E+00, 1.2326846E-09, 9.8286156E-05, 6.6322416E-10
 3.9113561E-01,-6.0622189E+01,-6.0622189E+01, 1.6534358E-02, 6.0536182E-05, 1.5645424E+00, 0.0000000E+00, 1.5645424E+00, 1.9190843E+00,-1.6317310E-12, 9.8287388E-05, 0.0000000E+00, 2.5146369E-08, 9.8262242E-05,-3.9962907E-10
 4.9113561E-01,-6.0622189E+01,-6.0622189E+01, 1.3115295E-02, 2.2448587E-04, 1.9645424E+00, 0.0000000E+00, 1.9645424E+00, 1.9190843E+00,-1.4179288E-12, 9.8287388E-05, 0.0000000E+00, 1.1494071E-07, 9.8172448E-05,-9.7571520E-10
 5.0000000E-01,-6.0622189E+01,-6.0622189E+01, 1.2827288E-02, 2.4055055E-04, 2.0000000E+00, 0.0000000E+00, 2.0000000E+00, 1.9190843E+00,-1.3144486E-12, 9.8287388E-05, 0.0000000E+00, 1.2347005E-07, 9.8163918E-05,-9.2717324E-10
 5.1329659E-01,-6.0622189E+01,-6.0622189E+01, 1.2421493E-02, 2.6687236E-04, 2.0531863E+00, 0.0000000E+00, 2.0531863E+00, 1.9190843E+00,-1.1515124E-12, 9.8287388E-05, 0.0000000E+00, 1.3766402E-07, 9.8149724E-05,-9.6799599E-10
 5.3324147E-01,-6.0622189E+01,-6.0622189E+01, 1.1863760E-02, 3.1174678E-04, 2.1329659E+00, 0.0000000E+00, 2.1329659E+00, 1.9190843E+00,-1.1398002E-12, 9.8287388E-05, 0.0000000E+00, 1.6253503E-07, 9.8124853E-05,-8.9885424E-10
 5.6315879E-01,-6.0622189E+01,-6.0622189E+01, 1.1121454E-02, 3.9229075E-04, 2.2526352E+00, 0.0000000E+00, 2.2526352E+00, 1.9190843E+00,-1.2348469E-12, 9.8287388E-05, 0.0000000E+00, 2.0948018E-07, 9.8077908E-05,-1.1331369E-09
 6.0803477E-01,-6.0622189E+01,-6.0622189E+01, 1.0172409E-02, 5.4519462E-04, 2.4321391E+00, 0.0000000E+00, 2.4321391E+00, 1.9190843E+00,-5.5112816E-13, 9.8287388E-05, 0.0000000E+00, 3.0734476E-07, 9.7980044E-05,-1.3815105E-09
 6.7534875E-01,-6.0622189E+01,-6.0622189E+01, 9.0164305E-03, 8.4673776E-04, 2.7013950E+00, 0.0000000E+00, 2.7013950E+00, 1.9190843E+00,-1.6147023E-12, 9.8287388E-05, 0.0000000E+00, 5.3533390E-07, 9.7752055E-05,-1.1609306E-09
 7.7534875E-01,-6.0622189E+01,-6.0622189E+01, 7.6957698E-03, 1.4249217E-03, 3.1013950E+00, 0.0000000E+00, 3.1013950E+00, 1.9190843E+00,-1.4683620E-12, 9.8287388E-05, 0.0000000E+00, 1.1053026E-06, 9.7182086E-05,-8.0835904E-10
 8.7534875E-01,-6.0622189E+01,-6.0622189E+01, 6.6539742E-03, 2.0909055E-03, 3.5013950E+00, 0.0000000E+00, 3.5013950E+00, 1.9190843E+00,-1.6057895E-12, 9.8287388E-05, 0.0000000E+00, 1.9416648E-06, 9.6345724E-05,-2.2330903E-10
 9.7534875E-01,-6.0622189E+01,-6.0622189E+01, 5.8139638E-03, 2.7946131E-03, 3.9013950E+00, 0.0000000E+00, 3.9013950E+00, 1.9190843E+00,-1.4649159E-12, 9.8287388E-05, 0.0000000E+00, 3.0595100E-06, 9.5227878E-05, 5.8197831E-10
 1.0000000E+00,-6.0622189E+01,-6.0622189E+01, 5.6186946E-03, 2.9706927E-03, 4.0000000E+00, 0.0000000E+00, 4.0000000E+00, 1.9190843E+00,-1.4405121E-12, 9.8287388E-05, 0.0000000E+00, 3.3524352E-06, 9.4934953E-05, 6.1827916E-10
 1.0369769E+00,-6.0622189E+01,-6.0622189E+01, 5.3478529E-03, 3.2351525E-03, 4.1479075E+00, 0.0000000E+00, 4.1479075E+00, 1.9190843E+00,-1.5371495E-12, 9.8287388E-05, 0.0000000E+00, 3.8309385E-06, 9.4456450E-05, 3.8824437E-10
 1.0924422E+00,-6.0622189E+01,-6.0622189E+01, 4.9837899E-03, 3.6255363E-03, 4.3697687E+00, 0.0000000E+00, 4.3697687E+00, 1.9190843E+00,-1.3981828E-12, 9.8287388E-05, 0.0000000E+00, 4.6353045E-06, 9.3652084E-05,-1.2015021E-10
 1.1756402E+00,-6.0622189E+01,-6.0622189E+01, 4.5139931E-03, 4.1783091E-03, 4.7025606E+00, 0.0000000E+00, 4.7025606E+00, 1.9190843E+00,-9.3892817E-13, 9.8287388E-05, 0.0000000E+00, 6.0258118E-06, 9.2261577E-05,-3.8720525E-10
 1.2756402E+00,-6.0622189E+01,-6.0622189E+01, 4.0363082E-03, 4.7739622E-03, 5.1025606E+00, 0.0000000E+00, 5.1025606E+00, 1.9190843E+00,-1.0625286E-12, 9.8287388E-05, 0.0000000E+00, 7.9353967E-06, 9.0351992E-05,-7.3226314E-10
 1.3756402E+00,-6.0622189E+01,-6.0622189E+01, 3.6283036E-03, 5.2883002E-03, 5.5025606E+00, 0.0000000E+00, 5.5025606E+00, 1.9190843E+00,-1.0890340E-12, 9.8287388E-05, 0.0000000E+00, 1.0050717E-05, 8.8236672E-05,-1.0584227E-09
 1.4756402E+00,-6.0622189E+01,-6.0622189E+01, 3.2767111E-03, 5.7159021E-03, 5.9025606E+00, 0.0000000E+00, 5.9025606E+00, 1.9190843E+00,-1.3172254E-12, 9.8287388E-05, 0.0000000E+00, 1.2337078E-05, 8.5950311E-05,-1.3487153E-09
 1.5000000E+00,-6.0622189E+01,-6.0622189E+01, 3.1944290E-03, 5.8150027E-03, 6.0000000E+00, 0.0000000E+00, 6.0000000E+00, 1.9190843E+00,-1.3907432E-12, 9.8287388E-05, 0.0000000E+00, 1.2903688E-05, 8.5383701E-05,-1.3226344E-09
 1.5365398E+00,-6.0622189E+01,-6.0622189E+01, 3.0775008E-03, 5.9517630E-03, 6.1461590E+00, 0.0000000E+00, 6.1461590E+00, 1.9190843E+00,-1.4756642E-12, 9.8287388E-05, 0.0000000E+00, 1.3773592E-05, 8.4513796E-05,-1.4716746E-09
 1.5913494E+00,-6.0622189E+01,-6.0622189E+01, 2.9152218E-03, 6.1305534E-03, 6.3653976E+00, 0.0000000E+00, 6.3653976E+00, 1.9190843E+00,-1.2865187E-12, 9.8287388E-05, 0.0000000E+00, 1.5117646E-05, 8.3169743E-05,-1.7583017E-09
 1.6735639E+00,-6.0622189E+01,-6.0622189E+01, 2.6971633E-03, 6.3422766E-03, 6.6942555E+00, 0.0000000E+00, 6.6942555E+00, 1.9190843E+00,-1.1755294E-12, 9.8287388E-05, 0.0000000E+00, 1.7203353E-05, 8.1084035E-05,-1.3199281E-09
 1.7735639E+00,-6.0622189E+01,-6.0622189E+01, 2.4635914E-03, 6.5233028E-03, 7.0942555E+00, 0.0000000E+00, 7.0942555E+00, 1.9190843E+00,-1.6751874E-12, 9.8287388E-05, 0.0000000E+00, 1.9812675E-05, 7.8474714E-05,-8.9281361E-10
 1.8735639E+00,-6.0622189E+01,-6.0622189E+01, 2.2569274E-03, 6.6358453E-03, 7.4942555E+00, 0.0000000E+00, 7.4942555E+00, 1.9190843E+00,-1.8304514E-12, 9.8287388E-05, 0.0000000E+00, 2.2467013E-05, 7.5820376E-05,-6.2372600E-10
 1.9735639E+00,-6.0622189E+01,-6.0622189E+01, 2.0731994E-03, 6.6882789E-03, 7.8942555E+00, 0.0000000E+00, 7.8942555E+00, 1.9190843E+00,-1.7920436E-12, 9.8287388E-05, 0.0000000E+00, 2.5142324E-05, 7.3145064E-05,-1.0142313E-09
 2.0000000E+00,-6.0622189E+01,-6.0622189E+01, 2.0262569E-03, 6.6980957E-03, 8.0000000E+00, 0.0000000E+00, 8.0000000E+00, 1.9190843E+00,-1.8624815E-12, 9.8287388E-05, 0.0000000E+00, 2.5850611E-05, 7.2436778E-05,-1.0599757E-09
 2.0396542E+00,-6.0622189E+01,-6.0622189E+01, 1.9590334E-03, 6.7042488E-03, 8.1586167E+00, 0.0000000E+00, 8.1586167E+00, 1.9190843E+00,-1.7097810E-12, 9.8287388E-05, 0.0000000E+00, 2.6914017E-05, 7.1373372E-05,-9.6981160E-10
 2.0991354E+00,-6.0622189E+01,-6.0622189E+01, 1.8647598E-03, 6.6959454E-03, 8.3965417E+00, 0.0000000E+00, 8.3965417E+00, 1.9190843E+00,-1.6703457E-12, 9.8287388E-05, 0.0000000E+00, 2.8507150E-05, 6.9780239E-05,-1.1159514E-09
 2.1883573E+00,-6.0622189E+01,-6.0622189E+01, 1.7363458E-03, 6.6495962E-03, 8.7534293E+00, 0.0000000E+00, 8.7534293E+00, 1.9190843E+00,-1.3648262E-12, 9.8287388E-05, 0.0000000E+00, 3.0880308E-05, 6.7407080E-05,-1.3847192E-09
 2.2883573E+00,-6.0622189E+01,-6.0622189E+01, 1.6067174E-03, 6.5622254E-03, 9.1534293E+00, 0.0000000E+00, 9.1534293E+00, 1.9190843E+00,-1.3796929E-12, 9.8287388E-05, 0.0000000E+00, 3.3505198E-05, 6.4782190E-05,-7.4118135E-10
 2.3883573E+00,-6.0622189E+01,-6.0622189E+01, 1.4896181E-03, 6.4458721E-03, 9.5534293E+00, 0.0000000E+00, 9.5534293E+00, 1.9190843E+00,-1.3935230E-12, 9.8287388E-05, 0.0000000E+00, 3.6083547E-05, 6.2203841E-05,-1.0133977E-09
 2.4883573E+00,-6.0622189E+01,-6.0622189E+01, 1.3835137E-03, 6.3062361E-03, 9.9534293E+00, 0.0000000E+00, 9.9534293E+00, 1.9190843E+00,-1.7056597E-12, 9.8287388E-05, 0.0000000E+00, 3.8606041E-05, 5.9681347E-05,-1.3340762E-09
 2.5000000E+00,-6.0622189E+01,-6.0622189E+01, 1.3713347E-03, 6.2896835E-03, 1.0000000E+01, 0.0000000E+00, 1.0000000E+01, 1.9190843E+00,-1.6840918E-12, 9.8287388E-05, 0.0000000E+00, 3.8898956E-05, 5.9388432E-05,-1.2941327E-09
 2.5174640E+00,-6.0622189E+01,-6.0622189E+01, 1.3533832E-03, 6.2641953E-03, 1.0069856E+01, 0.0000000E+00, 1.0069856E+01, 1.9190843E+00,-1.6890957E-12, 9.8287388E-05, 0.0000000E+00, 3.9336548E-05, 5.8950841E-05,-1.3549729E-09
 2.5436600E+00,-6.0622189E+01,-6.0622189E+01, 1.3271451E-03, 6.2245735E-03, 1.0174640E+01, 0.0000000E+00, 1.0174640E+01, 1.9190843E+00,-1.6303961E-12, 9.8287388E-05, 0.0000000E+00, 3.9988784E-05, 5.8298605E-05,-1.3746135E-09
 2.5829540E+00,-6.0622189E+01,-6.0622189E+01, 1.2892630E-03, 6.1623152E-03, 1.0331816E+01, 0.0000000E+00, 1.0331816E+01, 1.9190843E+00,-1.5514793E-12, 9.8287388E-05, 0.0000000E+00, 4.0957352E-05, 5.7330037E-05,-1.2432498E-09
 2.6418950E+00,-6.0622189E+01,-6.0622189E+01, 1.2355257E-03, 6.0634993E-03, 1.0567580E+01, 0.0000000E+00, 1.0567580E+01, 1.9190843E+00,-1.6502197E-12, 9.8287388E-05, 0.0000000E+00, 4.2386907E-05, 5.5900481E-05,-9.1433834E-10
 2.7303065E+00,-6.0622189E+01,-6.0622189E+01, 1.1611718E-03, 5.9058053E-03, 1.0921226E+01, 0.0000000E+00, 1.0921226E+01, 1.9190843E+00,-1.9644593E-12, 9.8287388E-05, 0.0000000E+00, 4.4475472E-05, 5.3811917E-05,-6.9443216E-10
 2.8303065E+00,-6.0622189E+01,-6.0622189E+01, 1.0842369E-03, 5.7187665E-03, 1.1321226E+01, 0.0000000E+00, 1.1321226E+01, 1.9190843E+00,-1.7977812E-12, 9.8287388E-05, 0.0000000E+00, 4.6762978E-05, 5.1524410E-05,-1.0906698E-09
 2.9303065E+00,-6.0622189E+01,-6.0622189E+01, 1.0137159E-03, 5.5259668E-03, 1.1721226E+01, 0.0000000E+00, 1.1721226E+01, 1.9190843E+00,-1.8752901E-12, 9.8287388E-05, 0.0000000E+00, 4.8973365E-05, 4.9314023E-05,-1.4876497E-09
 3.0000000E+00,-6.0622189E+01,-6.0622189E+01, 9.6747448E-04, 5.3897181E-03, 1.2000000E+01, 0.0000000E+00, 1.2000000E+01, 1.9190843E+00,-1.7866833E-12, 9.8287388E-05, 0.0000000E+00, 5.0475877E-05, 4.7811511E-05,-1.3509648E-09
 3.1000000E+00,-6.0622189E+01,-6.0622189E+01, 9.0639058E-04, 5.1923044E-03, 1.2400000E+01, 0.0000000E+00, 1.2400000E+01, 1.9190843E+00,-1.8732335E-12, 9.8287388E-05, 0.0000000E+00, 5.2552799E-05, 4.5734589E-05,-1.7370167E-09
 3.2000000E+00,-6.0622189E+01,-6.0622189E+01, 8.5008551E-04, 4.9948085E-03, 1.2800000E+01, 0.0000000E+00, 1.2800000E+01, 1.9190843E+00,-1.8464640E-12, 9.8287388E-05, 0.0000000E+00, 5.4550723E-05, 4.3736666E-05,-2.1109303E-09
 3.3000000E+00,-6.0622189E+01,-6.0622189E+01, 7.9808927E-04, 4.7986771E-03, 1.3200000E+01, 0.0000000E+00, 1.3200000E+01, 1.9190843E+00,-1.8328601E-12, 9.8287388E-05, 0.0000000E+00, 5.6470193E-05, 4.1817195E-05,-2.4700678E-09
 3.4000000E+00,-6.0622189E+01,-6.0622189E+01, 7.4998808E-04, 4.6050832E-03, 1.3600000E+01, 0.0000000E+00, 1.3600000E+01, 1.9190843E+00,-1.9115277E-12, 9.8287388E-05, 0.0000000E+00, 5.8312227E-05, 3.9975162E-05,-2.8125678E-09
 3.5000000E+00,-6.0622189E+01,-6.0622189E+01, 7.0541652E-04, 4.4149660E-03, 1.4000000E+01, 0.0000000E+00, 1.4000000E+01, 1.9190843E+00,-2.1089872E-12, 9.8287388E-05, 0.0000000E+00, 6.0078213E-05, 3.8209175E-05,-3.1372429E-09
 3.6000000E+00,-6.0622189E+01,-6.0622189E+01, 6.6405104E-04, 4.2290659E-03, 1.4400000E+01, 0.0000000E+00, 1.4400000E+01, 1.9190843E+00,-2.1117191E-12, 9.8287388E-05, 0.0000000E+00, 6.1769839E-05, 3.6517549E-05,-3.4434535E-09
 3.7000000E+00,-6.0622189E+01,-6.0622189E+01, 6.2560433E-04, 4.0479545E-03, 1.4800000E+01, 0.0000000E+00, 1.4800000E+01, 1.9190843E+00,-2.2099429E-12, 9.8287388E-05, 0.0000000E+00, 6.3389021E-05, 3.4898367E-05,-3.7310056E-09
 3.8000000E+00,-6.0622189E+01,-6.0622189E+01, 5.8982060E-04, 3.8720617E-03, 1.5200000E+01, 0.0000000E+00, 1.5200000E+01, 1.9190843E+00,-2.3865884E-12, 9.8287388E-05, 0.0000000E+00, 6.4937846E-05, 3.3349543E-05,-3.9999790E-09
 3.9000000E+00,-6.0622189E+01,-6.0622189E+01, 5.5647158E-04, 3.7016984E-03, 1.5600000E+01, 0.0000000E+00, 1.5600000E+01, 1.9190843E+00,-2.3118181E-12, 9.8287388E-05, 0.0000000E+00, 6.6418525E-05, 3.1868863E-05,-4.2507506E-09
 4.0000000E+00,-6.0622189E+01,-6.0622189E+01, 5.2535301E-04, 3.5370758E-03, 1.6000000E+01, 0.0000000E+00, 1.6000000E+01, 1.9190843E+00,-2.5377823E-12, 9.8287388E-05, 0.0000000E+00, 6.7833356E-05, 3.0454033E-05,-4.4839028E-09
 4.1000000E+00,-6.0622189E+01,-6.0622189E+01, 4.9628171E-04, 3.3783227E-03, 1.6400000E+01, 0.0000000E+00, 1.6400000E+01, 1.9190843E+00,-2.4047954E-12, 9.8287388E-05, 0.0000000E+00, 6.9184685E-05, 2.9102704E-05,-4.7001321E-09
 4.2000000E+00,-6.0622189E+01,-6.0622189E+01, 4.6909297E-04, 3.2254997E-03, 1.6800000E+01, 0.0000000E+00, 1.6800000E+01, 1.9190843E+00,-2.4103457E-12, 9.8287388E-05, 0.0000000E+00, 7.0474885E-05, 2.7812504E-05,-4.9002035E-09
 4.3000000E+00,-6.0622189E+01,-6.0622189E+01, 4.4363843E-04, 3.0786114E-03, 1.7200000E+01, 0.0000000E+00, 1.7200000E+01, 1.9190843E+00,-2.4714098E-12, 9.8287388E-05, 0.0000000E+00, 7.1706329E-05, 2.6581059E-05,-5.0849736E-09
 4.4000000E+00,-6.0622189E+01,-6.0622189E+01, 4.1978406E-04, 2.9376171E-03, 1.7600000E+01, 0.0000000E+00, 1.7600000E+01, 1.9190843E+00,-2.5481724E-12, 9.8287388E-05, 0.0000000E+00, 7.2881376E-05, 2.5406012E-05,-5.2553329E-09
 4.5000000E+00,-6.0622189E+01,-6.0622189E+01, 3.9740859E-04, 2.8024395E-03, 1.8000000E+01, 0.0000000E+00, 1.8000000E+01, 1.9190843E+00,-2.4078233E-12, 9.8287388E-05, 0.0000000E+00, 7.4002352E-05, 2.4285037E-05,-5.4121722E-09
 4.5000000E+00,-6.0622189E+01,-6.0622189E+01, 3.9740859E-04, 2.8024395E-03, 1.8000000E+01, 0.0000000E+00, 1.8000000E+01, 1.9190843E+00,-2.4078233E-12, 9.8287388E-05, 0.0000000E+00, 7.4002352E-05, 2.4285037E-05,-5.4121722E-09
 4.5000000E+00,-6.0622189E+01,-6.0622189E+01, 3.9740859E-04, 2.8024395E-03, 1.8000000E+01, 0.0000000E+00, 1.8000000E+01, 1.9190843E+00,-2.4078233E-12, 9.8287388E-05, 0.0000000E+00, 7.4002352E-05, 2.4285037E-05,-5.4121722E-09
 4.5000000E+00,-6.0622189E+01,-6.0622189E+01, 3.9740859E-04, 2.8024395E-03, 1.8000000E+01, 0.0000000E+00, 1.8000000E+01, 1.9190843E+00,-2.4078233E-12, 9.8287388E-05, 0.0000000E+00, 7.4002352E-05, 2.4285037E-05,-5.4121722E-09
 4.5000000E+00,-6.0622189E+01,-6.0622189E+01, 3.9740859E-04, 2.8024395E-03, 1.8000000E+01, 0.0000000E+00, 1.8000000E+01, 1.9190843E+00,-2.4078233E-12, 9.8287388E-05, 0.0000000E+00, 7.4002352E-05, 2.4285037E-05,-5.4121722E-09
 4.5000000E+00,-6.0622189E+01,-6.0622189E+01, 3.9740859E-04, 2.8024395E-03, 1.8000000E+01, 0.0000000E+00, 1.8000000E+01, 1.9190843E+00,-2.4078233E-12, 9.8287388E-05, 0.0000000E+00, 7.4002352E-05, 2.4285037E-05,-5.4121722E-09
 4.5000000E+00,-6.0622189E+01,-6.0622189E+01, 3.9740859E-04, 2.8024395E-03, 1.8000000E+01, 0.0000000E+00, 1.8000000E+01, 1.9190843E+00,-2.4078233E-12, 9.8287388E-05, 0.0000000E+00, 7.4002352E-05, 2.4285037E-05,-5.4121722E-09
 4.5000000E+00,-6.0622189E+01,-6.0622189E+01, 3.9740859E-04, 2.8024395E-03, 1.8000000E+01, 0.0000000E+00, 1.8000000E+01, 1.9190843E+00,-2.4078233E-12, 9.8287388E-05, 0.0000000E+00, 7.4002352E-05, 2.4285037E-05,-5.4121722E-09
 4.5000000E+00,-6.0622189E+01,-6.0622189E+01, 3.9740859E-04, 2.8024395E-03, 1.8000000E+01, 0.0000000E+00, 1.8000000E+01, 1.9190843E+00,-2.4078233E-12, 9.8287388E-05, 0.0000000E+00, 7.4002352E-05, 2.4285037E-05,-5.4121722E-09
 4.5000000E+00,-6.0622189E+01,-6.0622189E+01, 3.9740859E-04, 2.8024395E-03, 1.8000000E+01, 0.0000000E+00, 1.8000000E+01, 1.9190843E+00,-2.4078233E-12, 9.8287388E-05, 0.0000000E+00, 7.4002352E-05, 2.4285037E-05,-5.4121722E-09
 4.5000000E+00,-6.0622189E+01,-6.0622189E+01, 3.9740859E-04, 2.8024395E-03, 1.8000000E+01, 0.0000000E+00, 1.8000000E+01, 1.9190843E+00,-2.4078233E-12, 9.8287388E-05, 0.0000000E+00, 7.4002352E-05, 2.4285037E-05,-5.4121722E-09
 4.5000000E+00,-6.0622189E+01,-6.0622189E+01, 3.9740859E-04, 2.8024395E-03, 1.8000000E+01, 0.0000000E+00, 1.8000000E+01, 1.9190843E+00,-2.4078233E-12, 9.8287388E-05, 0.0000000E+00, 7.4002352E-05, 2.4285037E-05,-5.4121722E-09
 4.5000000E+00,-6.0622189E+01,-6.0622189E+01, 3.9740859E-04, 2.8024395E-03, 1.8000000E+01, 0.0000000E+00, 1.8000000E+01, 1.9190843E+00,-2.4078233E-12, 9.8287388E-05, 0.0000000E+00, 7.4002352E-05, 2.4285037E-05,-5.4121722E-09
 4.5000000E+00,-6.0622189E+01,-6.0622189E+01, 3.9740859E-04, 2.8024395E-03, 1.8000000E+01, 0.0000000E+00, 1.8000000E+01, 1.9190843E+00,-2.4078233E-12, 9.8287388E-05, 0.0000000E+00, 7.4002352E-05, 2.4285037E-05,-5.4121608E-09
 4.5000000E+00,-6.0622189E+01,-6.0622189E+01, 3.9740859E-04, 2.8024395E-03, 1.8000000E+01, 0.0000000E+00, 1.8000000E+01, 1.9190843E+00,-2.4078233E-12, 9.8287388E-05, 0.0000000E+00, 7.4002352E-05, 2.4285037E-05,-5.4121608E-09
 4.5000000E+00,-6.0622189E+01,-6.0622189E+01, 3.9740859E-04, 2.8024395E-03, 1.8000000E+01, 0.0000000E+00, 1.8000000E+01, 1.9190843E+00,-2.4078233E-12, 9.8287388E-05, 0.0000000E+00, 7.4002352E-05, 2.4285037E-05,-5.4121608E-09
 4.5000000E+00,-6.0622189E+01,-6.0622189E+01, 3.9740859E-04, 2.8024395E-03, 1.8000000E+01, 0.0000000E+00, 1.8000000E+01, 1.9190843E+00,-2.4078233E-12, 9.8287388E-05, 0.0000000E+00, 7.4002352E-05, 2.4285037E-05,-5.4121722E-09
 4.5000000E+00,-6.0622189E+01,-6.0622189E+01, 3.9740859E-04, 2.8024395E-03, 1.8000000E+01, 0.0000000E+00, 1.8000000E+01, 1.9190843E+00,-2.4078233E-12, 9.8287388E-05, 0.0000000E+00, 7.4002352E-05, 2.4285037E-05,-5.4121608E-09
 4.5000000E+00,-6.0622189E+01,-6.0622189E+01, 3.9740859E-04, 2.8024395E-03, 1.8000000E+01, 0.0000000E+00, 1.8000000E+01, 1.9190843E+00,-2.4078233E-12, 9.8287388E-05, 0.0000000E+00, 7.4002352E-05, 2.4285037E-05,-5.4121608E-09
 4.5000000E+00,-6.0622189E+01,-6.0622189E+01, 3.9740859E-04, 2.8024395E-03, 1.8000000E+01, 0.0000000E+00, 1.8000000E+01, 1.9190843E+00,-2.4078233E-12, 9.8287388E-05, 0.0000000E+00, 7.4002352E-05, 2.4285037E-05,-5.4121608E-09
 4.5000000E+00,-6.0622189E+01,-6.0622189E+01, 3.9740859E-04, 2.8024395E-03, 1.8000000E+01, 0.0000000E+00, 1.8000000E+01, 1.9190843E+00,-2.4078233E-12, 9.8287388E-05, 0.0000000E+00, 7.4002352E-05, 2.4285037E-05,-5.4121608E-09
 4.5000000E+00,-6.0622189E+01,-6.0622189E+01, 3.9740859E-04, 2.8024395E-03, 1.8000000E+01, 0.0000000E+00, 1.8000000E+01, 1.9190843E+00,-2.4078233E-12, 9.8287388E-05, 0.0000000E+00, 7.4002352E-05, 2.4285037E-05,-5.4121608E-09
 4.5000000E+00,-6.0622189E+01,-6.0622189E+01, 3.9740859E-04, 2.8024395E-03, 1.8000000E+01, 0.0000000E+00, 1.8000000E+01, 1.9190843E+00,-2.3899875E-12, 9.8287388E-05, 0.0000000E+00, 7.4002352E-05, 2.4285037E-05,-5.4121722E-09
 4.5000000E+00,-6.0622189E+01,-6.0622189E+01, 3.9740859E-04, 2.8024395E-03, 1.8000000E+01, 0.0000000E+00, 1.8000000E+01, 1.9190843E+00,-2.3899875E-12, 9.8287388E-05, 0.0000000E+00, 7.4002352E-05, 2.4285037E-05,-5.4121722E-09
 4.5000000E+00,-6.0622189E+01,-6.0622189E+01, 3.9740859E-04, 2.8024395E-03, 1.8000000E+01, 0.0000000E+00, 1.8000000E+01, 1.9190843E+00,-2.4078233E-12, 9.8287388E-05, 0.0000000E+00, 7.4002352E-05, 2.4285037E-05,-5.4121722E-09
 4.5000000E+00,-6.0622189E+01,-6.0622189E+01, 3.9740859E-04, 2.8024395E-03, 1.8000000E+01, 0.0000000E+00, 1.8000000E+01, 1.9190843E+00,-2.4078233E-12, 9.8287388E-05, 0.0000000E+00, 7.4002352E-05, 2.4285037E-05,-5.4121722E-09
 4.5000000E+00,-6.0622189E+01,-6.0622189E+01, 3.9740859E-04, 2.8024395E-03, 1.8000000E+01, 0.0000000E+00, 1.8000000E+01, 1.9190843E+00,-2.4078233E-12, 9.8287388E-05, 0.0000000E+00, 7.4002352E-05, 2.4285037E-05,-5.4121722E-09
 4.5000000E+00,-6.0622189E+01,-6.0622189E+01, 3.9740859E-04, 2.8024395E-03, 1.8000000E+01, 0.0000000E+00, 1.8000000E+01, 1.9190843E+00,-2.4078233E-12, 9.8287388E-05, 0.0000000E+00, 7.4002352E-05, 2.4285037E-05,-5.4121722E-09
 4.5000000E+00,-6.0622189E+01,-6.0622189E+01, 3.9740859E-04, 2.8024395E-03, 1.8000000E+01, 0.0000000E+00, 1.8000000E+01, 1.9190843E+00,-2.4078233E-12, 9.8287388E-05, 0.0000000E+00, 7.4002352E-05, 2.4285037E-05,-5.4121722E-09
 4.5000000E+00,-6.0622189E+01,-6.0622189E+01, 3.9740859E-04, 2.8024395E-03, 1.8000000E+01, 0.0000000E+00, 1.8000000E+01, 1.9190843E+00,-2.3899875E-12, 9.8287388E-05, 0.0000000E+00, 7.4002352E-05, 2.4285037E-05,-5.4121722E-09
 4.5000000E+00,-6.0622189E+01,-6.0622189E+01, 3.9740859E-04, 2.8024395E-03, 1.8000000E+01, 0.0000000E+00, 1.8000000E+01, 1.9190843E+00,-2.3899875E-12, 9.8287388E-05, 0.0000000E+00, 7.4002352E-05, 2.4285037E-05,-5.4121722E-09
 4.5000000E+00,-6.0622189E+01,-6.0622189E+01, 3.9740859E-04, 2.8024395E-03, 1.8000000E+01, 0.0000000E+00, 1.8000000E+01, 1.9190843E+00,-2.3899875E-12, 9.8287388E-05, 0.0000000E+00, 7.4002352E-05, 2.4285037E-05,-5.4121722E-09
 4.5000000E+00,-6.0622189E+01,-6.0622189E+01, 3.9740859E-04, 2.8024395E-03, 1.8000000E+01, 0.0000000E+00, 1.8000000E+01, 1.9190843E+00,-2.4078233E-12, 9.8287388E-05, 0.0000000E+00, 7.4002352E-05, 2.4285037E-05,-5.4121722E-09
 4.5000000E+00,-6.0622189E+01,-6.0622189E+01, 3.9740859E-04, 2.8024395E-03, 1.8000000E+01, 0.0000000E+00, 1.8000000E+01, 1.9190843E+00,-2.3899875E-12, 9.8287388E-05, 0.0000000E+00, 7.4002352E-05, 2.4285037E-05,-5.4121722E-09
 4.5000000E+00,-6.0622189E+01,-6.0622189E+01, 3.9740859E-04, 2.8024395E-03, 1.8000000E+01, 0.0000000E+00, 1.8000000E+01, 1.9190843E+00,-2.4078233E-12, 9.8287388E-05, 0.0000000E+00, 7.4002352E-05, 2.4285037E-05,-5.4121722E-09
 4.5000000E+00,-6.0622189E+01,-6.0622189E+01, 3.9740859E-04, 2.8024395E-03, 1.8000000E+01, 0.0000000E+00, 1.8000000E+01, 1.9190843E+00,-2.4078233E-12, 9.8287388E-05, 0.0000000E+00, 7.4002352E-05, 2.4285037E-05,-5.4121722E-09
 4.5000000E+00,-6.0622189E+01,-6.0622189E+01, 3.9740859E-04, 2.8024395E-03, 1.8000000E+01, 0.0000000E+00, 1.8000000E+01, 1.9190843E+00,-2.4078233E-12, 9.8287388E-05, 0.0000000E+00, 7.4002352E-05, 2.4285037E-05,-5.4121722E-09
 4.5000000E+00,-6.0622189E+01,-6.0622189E+01, 3.9740859E-04, 2.8024395E-03, 1.8000000E+01, 0.0000000E+00, 1.8000000E+01, 1.9190843E+00,-2.3899875E-12, 9.8287388E-05, 0.0000000E+00, 7.4002352E-05, 2.4285037E-05,-5.4121836E-09
 4.5000000E+00,-6.0622189E+01,-6.0622189E+01, 3.9740859E-04, 2.8024395E-03, 1.8000000E+01, 0.0000000E+00, 1.8000000E+01, 1.9190843E+00,-2.4078233E-12, 9.8287388E-05, 0.0000000E+00, 7.4002352E-05, 2.4285036E-05,-5.4121722E-09
 4.5000000E+00,-6.0622189E+01,-6.0622189E+01, 3.9740859E-04, 2.8024395E-03, 1.8000000E+01, 0.0000000E+00, 1.8000000E+01, 1.9190843E+00,-2.4078233E-12, 9.8287388E-05, 0.0000000E+00, 7.4002352E-05, 2.4285036E-05,-5.4121722E-09
 4.5000000E+00,-6.0622189E+01,-6.0622189E+01, 3.9740859E-04, 2.8024394E-03, 1.8000000E+01, 0.0000000E+00, 1.8000000E+01, 1.9190843E+00,-2.4078233E-12, 9.8287388E-05, 0.0000000E+00, 7.4002352E-05, 2.4285036E-05,-5.4121722E-09
 4.5000001E+00,-6.0622189E+01,-6.0622189E+01, 3.9740858E-04, 2.8024394E-03, 1.8000000E+01, 0.0000000E+00, 1.8000000E+01, 1.9190843E+00,-2.3899875E-12, 9.8287388E-05, 0.0000000E+00, 7.4002352E-05, 2.4285036E-05,-5.4121722E-09
 4.5000001E+00,-6.0622189E+01,-6.0622189E+01, 3.9740857E-04, 2.8024394E-03, 1.8000000E+01, 0.0000000E+00, 1.8000000E+01, 1.9190843E+00,-2.3899875E-12, 9.8287388E-05, 0.0000000E+00, 7.4002353E-05, 2.4285036E-05,-5.4121722E-09
 4.5000001E+00,-6.0622189E+01,-6.0622189E+01, 3.9740856E-04, 2.8024393E-03, 1.8000000E+01, 0.0000000E+00, 1.8000000E+01, 1.9190843E+00,-2.3899875E-12, 9.8287388E-05, 0.0000000E+00, 7.4002353E-05, 2.4285035E-05,-5.4121722E-09
 4.5000002E+00,-6.0622189E+01,-6.0622189E+01, 3.9740855E-04, 2.8024392E-03, 1.8000001E+01, 0.0000000E+00, 1.8000001E+01, 1.9190843E+00,-2.3899875E-12, 9.8287388E-05, 0.0000000E+00, 7.4002354E-05, 2.4285034E-05,-5.4121722E-09
 4.5000003E+00,-6.0622189E+01,-6.0622189E+01, 3.9740853E-04, 2.8024391E-03, 1.8000001E+01, 0.0000000E+00, 1.8000001E+01, 1.9190843E+00,-2.3899874E-12, 9.8287388E-05, 0.0000000E+00, 7.4002355E-05, 2.4285033E-05,-5.4121608E-09
 4.5000004E+00,-6.0622189E+01,-6.0622189E+01, 3.9740849E-04, 2.8024389E-03, 1.8000002E+01, 0.0000000E+00, 1.8000002E+01, 1.9190843E+00,-2.3899873E-12, 9.8287388E-05, 0.0000000E+00, 7.4002357E-05, 2.4285032E-05,-5.4121722E-09
 4.5000007E+00,-6.0622189E+01,-6.0622189E+01, 3.9740844E-04, 2.8024386E-03, 1.8000003E+01, 0.0000000E+00, 1.8000003E+01, 1.9190843E+00,-2.3899872E-12, 9.8287388E-05, 0.0000000E+00, 7.4002359E-05, 2.4285029E-05,-5.4121722E-09
 4.5000010E+00,-6.0622189E+01,-6.0622189E+01, 3.9740837E-04, 2.8024381E-03, 1.8000004E+01, 0.0000000E+00, 1.8000004E+01, 1.9190843E+00,-2.3899871E-12, 9.8287388E-05, 0.0000000E+00, 7.4002363E-05, 2.4285025E-05,-5.4121722E-09
 4.5000015E+00,-6.0622189E+01,-6.0622189E+01, 3.9740826E-04, 2.8024375E-03, 1.8000006E+01, 0.0000000E+00, 1.8000006E+01, 1.9190843E+00,-2.3899868E-12, 9.8287388E-05, 0.0000000E+00, 7.4002369E-05, 2.4285020E-05,-5.4121722E-09
 4.5000023E+00,-6.0622189E+01,-6.0622189E+01, 3.9740809E-04, 2.8024364E-03, 1.8000009E+01, 0.0000000E+00, 1.8000009E+01, 1.9190843E+00,-2.3899865E-12, 9.8287388E-05, 0.0000000E+00, 7.4002377E-05, 2.4285011E-05,-5.4121722E-09
 4.5000034E+00,-6.0622189E+01,-6.0622189E+01, 3.9740784E-04, 2.8024349E-03, 1.8000014E+01, 0.0000000E+00, 1.8000014E+01, 1.9190843E+00,-2.3899859E-12, 9.8287388E-05, 0.0000000E+00, 7.4002390E-05, 2.4284999E-05,-5.4121722E-09
 4.5000051E+00,-6.0622189E+01,-6.0622189E+01, 3.9740746E-04, 2.8024326E-03, 1.8000020E+01, 0.0000000E+00, 1.8000020E+01, 1.9190843E+00,-2.3899851E-12, 9.8287388E-05, 0.0000000E+00, 7.4002409E-05, 2.4284980E-05,-5.4121836E-09
 4.5000076E+00,-6.0622189E+01,-6.0622189E+01, 3.9740689E-04, 2.8024292E-03, 1.8000031E+01, 0.0000000E+00, 1.8000031E+01, 1.9190843E+00,-2.3899839E-12, 9.8287388E-05, 0.0000000E+00, 7.4002437E-05, 2.4284951E-05,-5.4121836E-09
 4.5000115E+00,-6.0622189E+01,-6.0622189E+01, 3.9740603E-04, 2.8024240E-03, 1.8000046E+01, 0.0000000E+00, 1.8000046E+01, 1.9190843E+00,-2.3899820E-12, 9.8287388E-05, 0.0000000E+00, 7.4002480E-05, 2.4284908E-05,-5.4121836E-09
 4.5000172E+00,-6.0622189E+01,-6.0622189E+01, 3.9740475E-04, 2.8024163E-03, 1.8000069E+01, 0.0000000E+00, 1.8000069E+01, 1.9190843E+00,-2.3899793E-12, 9.8287388E-05, 0.0000000E+00, 7.4002545E-05, 2.4284844E-05,-5.4121951E-09
 4.5000258E+00,-6.0622189E+01,-6.0622189E+01, 3.9740283E-04, 2.8024047E-03, 1.8000103E+01, 0.0000000E+00, 1.8000103E+01, 1.9190843E+00,-2.3899752E-12, 9.8287388E-05, 0.0000000E+00, 7.4002641E-05, 2.4284747E-05,-5.4122179E-09
 4.5000387E+00,-6.0622189E+01,-6.0622189E+01, 3.9739995E-04, 2.8023873E-03, 1.8000155E+01, 0.0000000E+00, 1.8000155E+01, 1.9190843E+00,-2.3899690E-12, 9.8287388E-05, 0.0000000E+00, 7.4002786E-05, 2.4284603E-05,-5.4122179E-09
 4.5000581E+00,-6.0622189E+01,-6.0622189E+01, 3.9739563E-04, 2.8023611E-03, 1.8000232E+01, 0.0000000E+00, 1.8000232E+01, 1.9190843E+00,-2.3899597E-12, 9.8287388E-05, 0.0000000E+00, 7.4003003E-05, 2.4284386E-05,-5.4122179E-09
 4.5000871E+00,-6.0622189E+01,-6.0622189E+01, 3.9738915E-04, 2.8023220E-03, 1.8000348E+01, 0.0000000E+00, 1.8000348E+01, 1.9190843E+00,-2.3899458E-12, 9.8287388E-05, 0.0000000E+00, 7.4003328E-05, 2.4284061E-05,-5.4122407E-09
 4.5001306E+00,-6.0622189E+01,-6.0622189E+01, 3.9737943E-04, 2.8022632E-03, 1.8000522E+01, 0.0000000E+00, 1.8000522E+01, 1.9190843E+00,-2.3899249E-12, 9.8287388E-05, 0.0000000E+00, 7.4003816E-05, 2.4283572E-05,-5.4122293E-09
 4.5001959E+00,-6.0622189E+01,-6.0622189E+01, 3.9736485E-04, 2.8021751E-03, 1.8000784E+01, 0.0000000E+00, 1.8000784E+01, 1.9190843E+00,-2.3898935E-12, 9.8287388E-05, 0.0000000E+00, 7.4004548E-05, 2.4282840E-05,-5.4122293E-09
 4.5002939E+00,-6.0622189E+01,-6.0622189E+01, 3.9734298E-04, 2.8020429E-03, 1.8001176E+01, 0.0000000E+00, 1.8001176E+01, 1.9190843E+00,-2.3898465E-12, 9.8287388E-05, 0.0000000E+00, 7.4005646E-05, 2.4281742E-05,-5.4122065E-09
 4.5004409E+00,-6.0622189E+01,-6.0622189E+01, 3.9731017E-04, 2.8018446E-03, 1.8001763E+01, 0.0000000E+00, 1.8001763E+01, 1.9190843E+00,-2.3897760E-12, 9.8287388E-05, 0.0000000E+00, 7.4007293E-05, 2.4280095E-05,-5.4121266E-09
 4.5006613E+00,-6.0622189E+01,-6.0622189E+01, 3.9726098E-04, 2.8015472E-03, 1.8002645E+01, 0.0000000E+00, 1.8002645E+01, 1.9190843E+00,-2.3896702E-12, 9.8287388E-05, 0.0000000E+00, 7.4009763E-05, 2.4277625E-05,-5.4116698E-09
 4.5009920E+00,-6.0622189E+01,-6.0622189E+01, 3.9718719E-04, 2.8011011E-03, 1.8003968E+01, 0.0000000E+00, 1.8003968E+01, 1.9190843E+00,-2.4073437E-12, 9.8287388E-05, 0.0000000E+00, 7.4013468E-05, 2.4273920E-05,-5.4116698E-09
 4.5014879E+00,-6.0622189E+01,-6.0622189E+01, 3.9707656E-04, 2.8004322E-03, 1.8005952E+01, 0.0000000E+00, 1.8005952E+01, 1.9190843E+00,-2.4071040E-12, 9.8287388E-05, 0.0000000E+00, 7.4019024E-05, 2.4268364E-05,-5.4117155E-09
 4.5022319E+00,-6.0622189E+01,-6.0622189E+01, 3.9691069E-04, 2.7994291E-03, 1.8008928E+01, 0.0000000E+00, 1.8008928E+01, 1.9190843E+00,-2.4067446E-12, 9.8287388E-05, 0.0000000E+00, 7.4027355E-05, 2.4260034E-05,-5.4119667E-09
 4.5033478E+00,-6.0622189E+01,-6.0622189E+01, 3.9666206E-04, 2.7979252E-03, 1.8013391E+01, 0.0000000E+00, 1.8013391E+01, 1.9190843E+00,-2.3883819E-12, 9.8287388E-05, 0.0000000E+00, 7.4039844E-05, 2.4247544E-05,-5.4138851E-09
 4.5050218E+00,-6.0622189E+01,-6.0622189E+01, 3.9628952E-04, 2.7956709E-03, 1.8020087E+01, 0.0000000E+00, 1.8020087E+01, 1.9190843E+00,-2.3875798E-12, 9.8287388E-05, 0.0000000E+00, 7.4058563E-05, 2.4228825E-05,-5.4137480E-09
 4.5075327E+00,-6.0622189E+01,-6.0622189E+01, 3.9573162E-04, 2.7922931E-03, 1.8030131E+01, 0.0000000E+00, 1.8030131E+01, 1.9190843E+00,-2.3863778E-12, 9.8287388E-05, 0.0000000E+00, 7.4086608E-05, 2.4200781E-05,-5.4122864E-09
 4.5112990E+00,-6.0622189E+01,-6.0622189E+01, 3.9489682E-04, 2.7872344E-03, 1.8045196E+01, 0.0000000E+00, 1.8045196E+01, 1.9190843E+00,-2.3845770E-12, 9.8287388E-05, 0.0000000E+00, 7.4128598E-05, 2.4158790E-05,-5.4126062E-09
 4.5169485E+00,-6.0622189E+01,-6.0622189E+01, 3.9364918E-04, 2.7796647E-03, 1.8067794E+01, 0.0000000E+00, 1.8067794E+01, 1.9190843E+00,-2.3641057E-12, 9.8287388E-05, 0.0000000E+00, 7.4191413E-05, 2.4095976E-05,-5.4172879E-09
 4.5254227E+00,-6.0622189E+01,-6.0622189E+01, 3.9178795E-04, 2.7683511E-03, 1.8101691E+01, 0.0000000E+00, 1.8101691E+01, 1.9190843E+00,-2.3778482E-12, 9.8287388E-05, 0.0000000E+00, 7.4285252E-05, 2.4002137E-05,-5.4144446E-09
 4.5381341E+00,-6.0622189E+01,-6.0622189E+01, 3.8901888E-04, 2.7514726E-03, 1.8152536E+01, 0.0000000E+00, 1.8152536E+01, 1.9190843E+00,-2.3718246E-12, 9.8287388E-05, 0.0000000E+00, 7.4425151E-05, 2.3862237E-05,-5.4177104E-09
 4.5572011E+00,-6.0622189E+01,-6.0622189E+01, 3.8491576E-04, 2.7263612E-03, 1.8228804E+01, 0.0000000E+00, 1.8228804E+01, 1.9190843E+00,-2.3628462E-12, 9.8287388E-05, 0.0000000E+00, 7.4633086E-05, 2.3654302E-05,-5.4108476E-09
 4.5858017E+00,-6.0622189E+01,-6.0622189E+01, 3.7887222E-04, 2.6891559E-03, 1.8343207E+01, 0.0000000E+00, 1.8343207E+01, 1.9190843E+00,-2.3845727E-12, 9.8287388E-05, 0.0000000E+00, 7.4940732E-05, 2.3346657E-05,-5.4362205E-09
 4.6287026E+00,-6.0622189E+01,-6.0622189E+01, 3.7004897E-04, 2.6343790E-03, 1.8514810E+01, 0.0000000E+00, 1.8514810E+01, 1.9190843E+00,-2.4514790E-12, 9.8287388E-05, 0.0000000E+00, 7.5392800E-05, 2.2894588E-05,-5.4625983E-09
 4.6930538E+00,-6.0622189E+01,-6.0622189E+01, 3.5733327E-04, 2.5545009E-03, 1.8772215E+01, 0.0000000E+00, 1.8772215E+01, 1.9190843E+00,-2.5583426E-12, 9.8287388E-05, 0.0000000E+00, 7.6050342E-05, 2.2237047E-05,-5.5473041E-09
 4.7895807E+00,-6.0622189E+01,-6.0622189E+01, 3.3934893E-04, 2.4397056E-03, 1.9158323E+01, 0.0000000E+00, 1.9158323E+01, 1.9190843E+00,-2.7305997E-12, 9.8287388E-05, 0.0000000E+00, 7.6992331E-05, 2.1295058E-05,-5.6204082E-09
 4.8895807E+00,-6.0622189E+01,-6.0622189E+01, 3.2181562E-04, 2.3260707E-03, 1.9558323E+01, 0.0000000E+00, 1.9558323E+01, 1.9190843E+00,-2.8617024E-12, 9.8287388E-05, 0.0000000E+00, 7.7922759E-05, 2.0364630E-05,-5.7325880E-09
 4.9895807E+00,-6.0622189E+01,-6.0622189E+01, 3.0530546E-04, 2.2175629E-03, 1.9958323E+01, 0.0000000E+00, 1.9958323E+01, 1.9190843E+00,-2.9230542E-12, 9.8287388E-05, 0.0000000E+00, 7.8809784E-05, 1.9477604E-05,-5.8353129E-09
 5.0000000E+00,-6.0622189E+01,-6.0622189E+01, 3.0359935E-04, 2.2063294E-03, 2.0000000E+01, 0.0000000E+00, 2.0000000E+01, 1.9190843E+00,-2.9337046E-12, 9.8287388E-05, 0.0000000E+00, 7.8901737E-05, 1.9385651E-05,-5.8258352E-09
