time(d),htop(cm),hbot(cm),ctop(mg/L),cbot(mg/L), water_input(cm),ET(cm),water_drainage(cm),water_tot(cm),water_MB_error(%),pfas_in(mg),pfas_decay(mg),pfas_discharge(mg),pfas_tot(mg),pfas_MB_error(%)
 1.0000000E-08,-6.0622189E+01,-6.0622189E+01, 3.7727812E-09, 4.1407000E-28, 4.0000000E-08, 0.0000000E+00, 4.0000000E-08, 1.9190843E+00, 1.1570341E-14, 1.0000000E-11, 0.0000000E+00, 1.6562800E-38, 1.0000000E-11, 3.7973195E-10
 2.0000000E-08,-6.0622189E+01,-6.0622189E+01, 8.2489016E-09, 4.1407000E-28, 8.0000000E-08, 0.0000000E+00, 8.0000000E-08, 1.9190843E+00, 1.1570341E-14, 2.0000000E-11, 0.0000000E+00, 3.3125600E-38, 2.0000000E-11, 7.4192495E-09
 3.5000000E-08,-6.0622189E+01,-6.0622189E+01, 1.5497766E-08, 4.1407000E-28, 1.4000000E-07, 0.0000000E+00, 1.4000000E-07, 1.9190843E+00, 1.1570340E-14, 3.5000000E-11, 0.0000000E+00, 5.7969800E-38, 3.5000000E-11, 5.6714569E-09
 5.7500000E-08,-6.0622189E+01,-6.0622189E+01, 2.7095366E-08, 4.1407000E-28, 2.3000000E-07, 0.0000000E+00, 2.3000000E-07, 1.9190843E+00, 1.1570340E-14, 5.7500000E-11, 0.0000000E+00, 9.5236100E-38, 5.7500000E-11, 4.0023117E-09
 9.1250000E-08,-6.0622189E+01,-6.0622189E+01, 4.5531409E-08, 4.1407000E-28, 3.6500000E-07, 0.0000000E+00, 3.6500000E-07, 1.9190843E+00, 1.1570339E-14, 9.1250000E-11, 0.0000000E+00, 1.5113555E-37, 9.1250000E-11, 2.8193672E-09
 1.4187500E-07,-6.0622189E+01,-6.0622189E+01, 7.4723992E-08, 4.1407000E-28, 5.6750000E-07, 0.0000000E+00, 5.6750000E-07, 1.9190843E+00, 1.1570338E-14, 1.4187500E-10, 0.0000000E+00, 2.3498472E-37, 1.4187500E-10, 2.0086818E-09
 2.1781250E-07,-6.0622189E+01,-6.0622189E+01, 1.2082967E-07, 4.1407000E-28, 8.7125000E-07, 0.0000000E+00, 8.7125000E-07, 1.9190843E+00, 1.1570336E-14, 2.1781250E-10, 0.0000000E+00, 3.6075849E-37, 2.1781250E-10, 1.3084399E-09
 3.3171875E-07,-6.0622189E+01,-6.0622189E+01, 1.9351299E-07, 4.1407000E-28, 1.3268750E-06, 0.0000000E+00, 1.3268750E-06, 1.9190843E+00, 1.1570333E-14, 3.3171875E-10, 0.0000000E+00, 5.4941913E-37, 3.3171875E-10, 8.5914520E-10
 5.0257813E-07,-6.0622189E+01,-6.0622189E+01, 3.0793324E-07, 4.1407000E-28, 2.0103125E-06, 0.0000000E+00, 2.0103125E-06, 1.9190843E+00, 1.1570329E-14, 5.0257813E-10, 0.0000000E+00, 8.3241009E-37, 5.0257812E-10, 5.6706521E-10
 7.5886719E-07,-6.0622189E+01,-6.0622189E+01, 4.8785042E-07, 4.1407000E-28, 3.0354687E-06, 0.0000000E+00, 3.0354687E-06, 1.9190843E+00, 2.3140646E-14, 7.5886719E-10, 0.0000000E+00, 1.2568965E-36, 7.5886719E-10, 3.7557520E-10
 1.1433008E-06,-6.0622189E+01,-6.0622189E+01, 7.7047703E-07, 4.1407000E-28, 4.5732031E-06, 0.0000000E+00, 4.5732031E-06, 1.9190843E+00, 3.4710941E-14, 1.1433008E-09, 0.0000000E+00, 1.8936262E-36, 1.1433008E-09, 2.4928098E-10
 1.7199512E-06,-6.0622189E+01,-6.0622189E+01, 1.2140501E-06, 4.1407000E-28, 6.8798047E-06, 0.0000000E+00, 6.8798047E-06, 1.9190843E+00, 2.3140600E-14, 1.7199512E-09, 0.0000000E+00, 2.8487207E-36, 1.7199512E-09, 1.6568429E-10
 2.5849268E-06,-6.0622189E+01,-6.0622189E+01, 1.9096388E-06, 4.1407000E-28, 1.0339707E-05, 0.0000000E+00, 1.0339707E-05, 1.9190843E+00, 3.4710837E-14, 2.5849268E-09, 0.0000000E+00, 4.2813625E-36, 2.5849268E-09, 1.1021604E-10
 3.8823901E-06,-6.0622189E+01,-6.0622189E+01, 2.9995392E-06, 4.1407000E-28, 1.5529560E-05, 0.0000000E+00, 1.5529560E-05, 1.9190843E+00, 2.3140495E-14, 3.8823901E-09, 0.0000000E+00, 6.4303251E-36, 3.8823901E-09, 7.3400373E-11
 5.8285852E-06,-6.0622189E+01,-6.0622189E+01, 4.7059061E-06, 4.1407000E-28, 2.3314341E-05, 0.0000000E+00, 2.3314341E-05, 1.9190843E+00, 2.3140402E-14, 5.8285852E-09, 0.0000000E+00, 9.6537691E-36, 5.8285852E-09, 4.8891604E-11
 8.7478778E-06,-6.0622189E+01,-6.0622189E+01, 7.3752703E-06, 4.1407000E-28, 3.4991511E-05, 0.0000000E+00, 3.4991511E-05, 1.9190843E+00,-3.4710391E-14, 8.7478778E-09, 0.0000000E+00, 1.4488935E-35, 8.7478778E-09, 3.2560112E-11
 1.3126817E-05,-6.0622189E+01,-6.0622189E+01, 1.1547682E-05, 4.1407000E-28, 5.2507267E-05, 0.0000000E+00, 5.2507267E-05, 1.9190843E+00,-5.7850124E-14, 1.3126817E-08, 0.0000000E+00, 2.1741684E-35, 1.3126817E-08, 2.1646288E-11
 1.9695225E-05,-6.0622189E+01,-6.0622189E+01, 1.8063967E-05, 4.1407000E-28, 7.8780900E-05, 0.0000000E+00, 7.8780900E-05, 1.9190843E+00,-5.7849332E-14, 1.9695225E-08, 0.0000000E+00, 3.2620807E-35, 1.9695225E-08, 1.4468933E-11
 2.9547838E-05,-6.0622189E+01,-6.0622189E+01, 2.8231865E-05, 4.1407000E-28, 1.1819135E-04, 0.0000000E+00, 1.1819135E-04, 1.9190843E+00,-5.7848144E-14, 2.9547838E-08, 0.0000000E+00, 4.8939492E-35, 2.9547838E-08, 9.6072292E-12
 4.4326756E-05,-6.0622189E+01,-6.0622189E+01, 4.4082916E-05, 4.1407000E-28, 1.7730702E-04, 0.0000000E+00, 1.7730702E-04, 1.9190843E+00,-5.7846362E-14, 4.4326756E-08, 0.0000000E+00, 7.3417520E-35, 4.4326756E-08, 6.4535495E-12
 6.6495135E-05,-6.0622189E+01,-6.0622189E+01, 6.8768760E-05, 4.1407000E-28, 2.6598054E-04, 0.0000000E+00, 2.6598054E-04, 1.9190843E+00,-4.6274952E-14, 6.6495135E-08, 0.0000000E+00, 1.1013456E-34, 6.6495135E-08, 4.2855599E-12
 9.9747702E-05,-6.0622189E+01,-6.0622189E+01, 1.0717067E-04, 4.1407000E-28, 3.9899081E-04, 0.0000000E+00, 3.9899081E-04, 1.9190843E+00, 1.1567936E-14, 9.9747702E-08, 0.0000000E+00, 1.6521012E-34, 9.9747702E-08, 2.8349206E-12
 1.4962655E-04,-6.0622189E+01,-6.0622189E+01, 1.6683304E-04, 4.1407000E-28, 5.9850621E-04, 0.0000000E+00, 5.9850621E-04, 1.9190843E+00, 2.3133468E-14, 1.4962655E-07, 0.0000000E+00, 2.4782347E-34, 1.4962655E-07, 1.8605834E-12
 2.2444483E-04,-6.0622189E+01,-6.0622189E+01, 2.5938432E-04, 4.1407000E-28, 8.9777931E-04, 0.0000000E+00, 8.9777931E-04, 1.9190843E+00, 2.3129862E-14, 2.2444483E-07, 0.0000000E+00, 3.7174348E-34, 2.2444483E-07, 1.2305947E-12
 3.3667224E-04,-6.0622189E+01,-6.0622189E+01, 4.0268023E-04, 4.1407000E-28, 1.3466890E-03, 0.0000000E+00, 1.3466890E-03, 1.9190843E+00, 2.3124455E-14, 3.3667224E-07, 0.0000000E+00, 5.5762350E-34, 3.3667224E-07, 8.3340623E-13
 5.0501337E-04,-6.0622189E+01,-6.0622189E+01, 6.2399198E-04, 4.1407000E-28, 2.0200535E-03, 0.0000000E+00, 2.0200535E-03, 1.9190843E+00, 2.3116350E-14, 5.0501337E-07, 0.0000000E+00, 8.3644353E-34, 5.0501337E-07, 5.3823620E-13
 7.5752505E-04,-6.0622189E+01,-6.0622189E+01, 9.6464796E-04, 4.1407000E-28, 3.0301002E-03, 0.0000000E+00, 3.0301002E-03, 1.9190843E+00, 2.3104203E-14, 7.5752505E-07, 0.0000000E+00, 1.2546736E-33, 7.5752505E-07, 3.5882176E-13
 1.1362926E-03,-6.0622189E+01,-6.0622189E+01, 1.4865642E-03, 4.1407000E-28, 4.5451703E-03, 0.0000000E+00, 4.5451703E-03, 1.9190843E+00, 0.0000000E+00, 1.1362926E-06, 0.0000000E+00, 1.8820187E-33, 1.1362926E-06, 2.3149689E-13
 1.7044439E-03,-6.0622189E+01,-6.0622189E+01, 2.2809280E-03, 4.1407000E-28, 6.8177754E-03, 0.0000000E+00, 6.8177754E-03, 1.9190843E+00, 1.1529382E-14, 1.7044439E-06, 0.0000000E+00, 2.8230363E-33, 1.7044439E-06, 1.6461953E-13
 2.5566708E-03,-6.0622189E+01,-6.0622189E+01, 3.4786625E-03, 4.1407000E-28, 1.0226683E-02, 0.0000000E+00, 1.0226683E-02, 1.9190843E+00,-1.1509011E-14, 2.5566708E-06, 0.0000000E+00, 4.2345627E-33, 2.5566708E-06, 1.0974614E-13
 3.8350112E-03,-6.0622189E+01,-6.0622189E+01, 5.2607988E-03, 4.1407000E-28, 1.5340045E-02, 0.0000000E+00, 1.5340045E-02, 1.9190843E+00,-6.8871529E-14, 3.8350112E-06, 0.0000000E+00, 6.3518523E-33, 3.8350112E-06, 9.1454996E-14
 5.7525218E-03,-6.0622189E+01,-6.0622189E+01, 7.8643037E-03, 4.1407000E-28, 2.3010087E-02, 0.0000000E+00, 2.3010087E-02, 1.9190843E+00,-4.5733020E-14, 5.7525218E-06, 0.0000000E+00, 9.5277867E-33, 5.7525218E-06, 7.3163933E-14
 8.6287877E-03,-6.0622189E+01,-6.0622189E+01, 1.1576184E-02, 4.1407000E-28, 3.4515151E-02, 0.0000000E+00, 3.4515151E-02, 1.9190843E+00, 2.2731845E-14, 8.6287877E-06, 0.0000000E+00, 1.4291688E-32, 8.6287877E-06, 1.3006914E-13
 1.2943186E-02,-6.0622189E+01,-6.0622189E+01, 1.6709322E-02, 4.1407000E-28, 5.1772746E-02, 0.0000000E+00, 5.1772746E-02, 1.9190843E+00,-5.6331991E-14, 1.2943186E-05, 0.0000000E+00, 2.1437541E-32, 1.2943186E-05, 3.4685090E-13
 1.9414785E-02,-6.0622189E+01,-6.0622189E+01, 2.3562467E-02, 4.1407000E-28, 7.7659139E-02, 0.0000000E+00, 7.7659139E-02, 1.9190843E+00,-1.3344405E-13, 1.9414785E-05, 0.0000000E+00, 3.2156320E-32, 1.9414785E-05, 8.8157915E-13
 2.9122182E-02,-6.0622189E+01,-6.0622189E+01, 3.2381997E-02, 4.1407000E-28, 1.1648873E-01, 0.0000000E+00, 1.1648873E-01, 1.9190843E+00,-2.1816422E-13, 2.9122182E-05, 0.0000000E+00, 4.8234488E-32, 2.9122182E-05, 3.0445788E-12
 4.3683278E-02,-6.0622189E+01,-6.0622189E+01, 4.3346912E-02, 2.7655664E-26, 1.7473311E-01, 0.0000000E+00, 1.7473311E-01, 1.9190843E+00,-5.3023870E-13, 4.3683278E-05, 0.0000000E+00, 1.6590216E-30, 4.3683278E-05, 3.3400439E-12
 6.5524922E-02,-6.0622189E+01,-6.0622189E+01, 5.6575711E-02, 7.7021156E-18, 2.6209969E-01, 0.0000000E+00, 2.6209969E-01, 1.9190843E+00,-5.4972018E-13, 6.5524922E-05, 0.0000000E+00, 6.7290747E-22, 6.5524922E-05, 2.2266958E-12
 9.8287388E-02,-6.0622189E+01,-6.0622189E+01, 7.2126284E-02, 3.6911735E-12, 3.9314955E-01, 0.0000000E+00, 3.9314955E-01, 1.9190843E+00,-1.8437825E-12, 9.8287388E-05, 0.0000000E+00, 4.8372846E-16, 9.8287388E-05, 2.3294662E-12
 1.0000000E-01,-6.0622189E+01,-6.0622189E+01, 7.2932705E-02, 3.9261203E-12, 4.0000000E-01, 0.0000000E+00, 4.0000000E-01, 1.9190843E+00,-1.8000374E-12, 1.0000000E-04, 0.0000000E+00, 5.1062413E-16, 1.0000000E-04, 2.2783481E-12
 1.0256892E-01,-6.0622189E+01,-6.0622189E+01, 6.9770882E-02, 4.3172668E-12, 4.1027567E-01, 0.0000000E+00, 4.1027567E-01, 1.9190843E+00,-1.7920968E-12, 1.0000000E-04, 0.0000000E+00, 5.5498694E-16, 1.0000000E-04, 2.3120183E-12
 1.0642229E-01,-6.0622189E+01,-6.0622189E+01, 6.5689199E-02, 5.0076338E-12, 4.2568917E-01, 0.0000000E+00, 4.2568917E-01, 1.9190843E+00,-1.8939536E-12, 1.0000000E-04, 0.0000000E+00, 6.3217213E-16, 1.0000000E-04, 2.4242522E-12
 1.1220236E-01,-6.0622189E+01,-6.0622189E+01, 6.0667604E-02, 6.3507590E-12, 4.4880943E-01, 0.0000000E+00, 4.4880943E-01, 1.9190843E+00,-1.8379517E-12, 1.0000000E-04, 0.0000000E+00, 7.7900330E-16, 1.0000000E-04, 2.5813797E-12
 1.2087245E-01,-6.0622189E+01,-6.0622189E+01, 5.4810643E-02, 9.4617339E-12, 4.8348981E-01, 0.0000000E+00, 4.8348981E-01, 1.9190843E+00,-1.8299053E-12, 1.0000000E-04, 0.0000000E+00, 1.1071399E-15, 1.0000000E-04, 2.8395176E-12
 1.3387760E-01,-6.0622189E+01,-6.0622189E+01, 4.8341244E-02, 1.9755328E-11, 5.3551039E-01, 0.0000000E+00, 5.3551039E-01, 1.9190843E+00,-1.7549396E-12, 1.0000000E-04, 0.0000000E+00, 2.1348234E-15, 1.0000000E-04, 3.1088790E-12
 1.5338531E-01,-6.0622189E+01,-6.0622189E+01, 4.1554185E-02, 9.9898632E-11, 6.1354126E-01, 0.0000000E+00, 6.1354126E-01, 1.9190843E+00,-1.4203136E-12, 1.0000000E-04, 0.0000000E+00, 9.9300002E-15, 1.0000000E-04, 3.6027081E-12
 1.8264689E-01,-6.0622189E+01,-6.0622189E+01, 3.4758474E-02, 2.8057733E-09, 7.3058755E-01, 0.0000000E+00, 7.3058755E-01, 1.9190843E+00,-1.0726502E-12, 1.0000000E-04, 0.0000000E+00, 3.3833537E-13, 1.0000000E-04, 1.8771120E-10
 2.2653925E-01,-6.0622189E+01,-6.0622189E+01, 2.8236288E-02, 1.5450857E-07, 9.0615700E-01, 0.0000000E+00, 9.0615700E-01, 1.9190843E+00,-1.9176728E-12, 1.0000000E-04, 0.0000000E+00, 2.7465319E-11, 9.9999973E-05,-3.1526502E-11
 2.9237779E-01,-6.0622189E+01,-6.0622189E+01, 2.2221157E-02, 4.6374948E-06, 1.1695112E+00, 0.0000000E+00, 1.1695112E+00, 1.9190843E+00,-1.1934034E-12, 1.0000000E-04, 0.0000000E+00, 1.2487689E-09, 9.9998751E-05, 6.6769068E-10
 3.9113561E-01,-6.0622189E+01,-6.0622189E+01, 1.6885910E-02, 6.1515969E-05, 1.5645424E+00, 0.0000000E+00, 1.5645424E+00, 1.9190843E+00,-1.6317310E-12, 1.0000000E-04, 0.0000000E+00, 2.5549499E-08, 9.9974451E-05,-4.1027102E-10
 4.9113561E-01,-6.0622189E+01,-6.0622189E+01, 1.3384317E-02, 2.2836591E-04, 1.9645424E+00, 0.0000000E+00, 1.9645424E+00, 1.9190843E+00,-1.4179288E-12, 1.0000000E-04, 0.0000000E+00, 1.1689586E-07, 9.9883104E-05,-9.9474026E-10
 5.0000000E-01,-6.0622189E+01,-6.0622189E+01, 1.3089428E-02, 2.4471540E-04, 2.0000000E+00, 0.0000000E+00, 2.0000000E+00, 1.9190843E+00,-1.3144486E-12, 1.0000000E-04, 0.0000000E+00, 1.2557287E-07, 9.9874427E-05,-9.4586240E-10
 5.1329659E-01,-6.0622189E+01,-6.0622189E+01, 1.2674058E-02, 2.7150589E-04, 2.0531863E+00, 0.0000000E+00, 2.0531863E+00, 1.9190843E+00,-1.1515124E-12, 1.0000000E-04, 0.0000000E+00, 1.4001328E-07, 9.9859987E-05,-9.8700735E-10
 5.3324147E-01,-6.0622189E+01,-6.0622189E+01, 1.2103372E-02, 3.1718492E-04, 2.1329659E+00, 0.0000000E+00, 2.1329659E+00, 1.9190843E+00,-1.1398002E-12, 1.0000000E-04, 0.0000000E+00, 1.6531814E-07, 9.9834682E-05,-9.1725398E-10
 5.6315879E-01,-6.0622189E+01,-6.0622189E+01, 1.1344154E-02, 3.9918923E-04, 2.2526352E+00, 0.0000000E+00, 2.2526352E+00, 1.9190843E+00,-1.2348469E-12, 1.0000000E-04, 0.0000000E+00, 2.1308883E-07, 9.9786911E-05,-1.1537420E-09
 6.0803477E-01,-6.0622189E+01,-6.0622189E+01, 1.0373965E-02, 5.5491191E-04, 2.4321391E+00, 0.0000000E+00, 2.4321391E+00, 1.9190843E+00,-5.5112816E-13, 1.0000000E-04, 0.0000000E+00, 3.1269770E-07, 9.9687302E-05,-1.4049888E-09
 6.7534875E-01,-6.0622189E+01,-6.0622189E+01, 9.1928594E-03, 8.6213193E-04, 2.7013950E+00, 0.0000000E+00, 2.7013950E+00, 1.9190843E+00,-1.6147023E-12, 1.0000000E-04, 0.0000000E+00, 5.4483181E-07, 9.9455168E-05,-1.1811944E-09
 7.7534875E-01,-6.0622189E+01,-6.0622189E+01, 7.8442324E-03, 1.4514153E-03, 3.1013950E+00, 0.0000000E+00, 3.1013950E+00, 1.9190843E+00,-1.4683620E-12, 1.0000000E-04, 0.0000000E+00, 1.1253979E-06, 9.8874602E-05,-8.2209086E-10
 8.7534875E-01,-6.0622189E+01,-6.0622189E+01, 6.7808299E-03, 2.1303076E-03, 3.5013950E+00, 0.0000000E+00, 3.5013950E+00, 1.9190843E+00,-1.6057895E-12, 1.0000000E-04, 0.0000000E+00, 1.9775210E-06, 9.8022479E-05,-2.2616253E-10
 9.7534875E-01,-6.0622189E+01,-6.0622189E+01, 5.9236907E-03, 2.8476957E-03, 3.9013950E+00, 0.0000000E+00, 3.9013950E+00, 1.9190843E+00,-1.4649159E-12, 1.0000000E-04, 0.0000000E+00, 3.1165993E-06, 9.6883401E-05, 5.9394179E-10
 1.0000000E+00,-6.0622189E+01,-6.0622189E+01, 5.7244580E-03, 3.0271989E-03, 4.0000000E+00, 0.0000000E+00, 4.0000000E+00, 1.9190843E+00,-1.4405121E-12, 1.0000000E-04, 0.0000000E+00, 3.4150962E-06, 9.6584904E-05, 6.3065350E-10
 1.0369769E+00,-6.0622189E+01,-6.0622189E+01, 5.4481521E-03, 3.2968003E-03, 4.1479075E+00, 0.0000000E+00, 4.1479075E+00, 1.9190843E+00,-1.5371495E-12, 1.0000000E-04, 0.0000000E+00, 3.9027177E-06, 9.6097282E-05, 3.9783550E-10
 1.0924422E+00,-6.0622189E+01,-6.0622189E+01, 5.0768018E-03, 3.6947612E-03, 4.3697687E+00, 0.0000000E+00, 4.3697687E+00, 1.9190843E+00,-1.3981828E-12, 1.0000000E-04, 0.0000000E+00, 4.7224420E-06, 9.5277558E-05, 5.0260584E-10
 1.1756402E+00,-6.0622189E+01,-6.0622189E+01, 4.5976930E-03, 4.2582051E-03, 4.7025606E+00, 0.0000000E+00, 4.7025606E+00, 1.9190843E+00,-9.3892817E-13, 1.0000000E-04, 0.0000000E+00, 6.1395381E-06, 9.3860462E-05, 2.3096614E-10
 1.2756402E+00,-6.0622189E+01,-6.0622189E+01, 4.1106339E-03, 4.8652399E-03, 5.1025606E+00, 0.0000000E+00, 5.1025606E+00, 1.9190843E+00,-1.0625286E-12, 1.0000000E-04, 0.0000000E+00, 8.0856340E-06, 9.1914366E-05,-1.2048309E-10
 1.3756402E+00,-6.0622189E+01,-6.0622189E+01, 3.6946931E-03, 5.3892661E-03, 5.5025606E+00, 0.0000000E+00, 5.5025606E+00, 1.9190843E+00,-1.0890340E-12, 1.0000000E-04, 0.0000000E+00, 1.0241340E-05, 8.9758660E-05,-4.5251585E-10
 1.4756402E+00,-6.0622189E+01,-6.0622189E+01, 3.3363157E-03, 5.8247684E-03, 5.9025606E+00, 0.0000000E+00, 5.9025606E+00, 1.9190843E+00,-1.3172254E-12, 1.0000000E-04, 0.0000000E+00, 1.2571248E-05, 8.7428752E-05,-7.4793792E-10
 1.5000000E+00,-6.0622189E+01,-6.0622189E+01, 3.2524490E-03, 5.9256887E-03, 6.0000000E+00, 0.0000000E+00, 6.0000000E+00, 1.9190843E+00,-1.3907432E-12, 1.0000000E-04, 0.0000000E+00, 1.3148643E-05, 8.6851357E-05,-7.2159663E-10
 1.5365398E+00,-6.0622189E+01,-6.0622189E+01, 3.1332755E-03, 6.0649355E-03, 6.1461590E+00, 0.0000000E+00, 6.1461590E+00, 1.9190843E+00,-1.4756642E-12, 1.0000000E-04, 0.0000000E+00, 1.4035088E-05, 8.5964912E-05,-8.7218085E-10
 1.5913494E+00,-6.0622189E+01,-6.0622189E+01, 2.9678931E-03, 6.2469201E-03, 6.3653976E+00, 0.0000000E+00, 6.3653976E+00, 1.9190843E+00,-1.2865187E-12, 1.0000000E-04, 0.0000000E+00, 1.5404654E-05, 8.4595346E-05,-1.1621147E-09
 1.6735639E+00,-6.0622189E+01,-6.0622189E+01, 2.7456871E-03, 6.4622971E-03, 6.6942555E+00, 0.0000000E+00, 6.6942555E+00, 1.9190843E+00,-1.1755294E-12, 1.0000000E-04, 0.0000000E+00, 1.7529832E-05, 8.2470168E-05,-7.1781434E-10
 1.7735639E+00,-6.0622189E+01,-6.0622189E+01, 2.5076990E-03, 6.6462457E-03, 7.0942555E+00, 0.0000000E+00, 7.0942555E+00, 1.9190843E+00,-1.6751874E-12, 1.0000000E-04, 0.0000000E+00, 2.0188330E-05, 7.9811670E-05,-2.8468128E-10
 1.8735639E+00,-6.0622189E+01,-6.0622189E+01, 2.2971493E-03, 6.7603663E-03, 7.4942555E+00, 0.0000000E+00, 7.4942555E+00, 1.9190843E+00,-1.8304514E-12, 1.0000000E-04, 0.0000000E+00, 2.2892477E-05, 7.7107523E-05,-1.2368176E-11
 1.9735639E+00,-6.0622189E+01,-6.0622189E+01, 2.1099847E-03, 6.8132153E-03, 7.8942555E+00, 0.0000000E+00, 7.8942555E+00, 1.9190843E+00,-1.7920436E-12, 1.0000000E-04, 0.0000000E+00, 2.5617763E-05, 7.4382237E-05,-4.0474911E-10
 2.0000000E+00,-6.0622189E+01,-6.0622189E+01, 2.0621655E-03, 6.8230641E-03, 8.0000000E+00, 0.0000000E+00, 8.0000000E+00, 1.9190843E+00,-1.8624815E-12, 1.0000000E-04, 0.0000000E+00, 2.6339264E-05, 7.3660736E-05,-4.5020384E-10
 2.0396542E+00,-6.0622189E+01,-6.0622189E+01, 1.9936890E-03, 6.8291013E-03, 8.1586167E+00, 0.0000000E+00, 8.1586167E+00, 1.9190843E+00,-1.7097810E-12, 1.0000000E-04, 0.0000000E+00, 2.7422473E-05, 7.2577527E-05,-3.6252672E-10
 2.0991354E+00,-6.0622189E+01,-6.0622189E+01, 1.8976635E-03, 6.8202926E-03, 8.3965417E+00, 0.0000000E+00, 8.3965417E+00, 1.9190843E+00,-1.6703457E-12, 1.0000000E-04, 0.0000000E+00, 2.9045192E-05, 7.0954808E-05,-5.1637694E-10
 2.1883573E+00,-6.0622189E+01,-6.0622189E+01, 1.7668730E-03, 6.7725548E-03, 8.7534293E+00, 0.0000000E+00, 8.7534293E+00, 1.9190843E+00,-1.3648262E-12, 1.0000000E-04, 0.0000000E+00, 3.1462233E-05, 6.8537767E-05,-7.9209074E-10
 2.2883573E+00,-6.0622189E+01,-6.0622189E+01, 1.6348559E-03, 6.6829825E-03, 9.1534293E+00, 0.0000000E+00, 9.1534293E+00, 1.9190843E+00,-1.3796929E-12, 1.0000000E-04, 0.0000000E+00, 3.4135426E-05, 6.5864574E-05,-1.0042353E-09
 2.3883573E+00,-6.0622189E+01,-6.0622189E+01, 1.5156076E-03, 6.5639131E-03, 9.5534293E+00, 0.0000000E+00, 9.5534293E+00, 1.9190843E+00,-1.3935230E-12, 1.0000000E-04, 0.0000000E+00, 3.6760991E-05, 6.3239009E-05,-1.2820366E-09
 2.4883573E+00,-6.0622189E+01,-6.0622189E+01, 1.4075636E-03, 6.4211597E-03, 9.9534293E+00, 0.0000000E+00, 9.9534293E+00, 1.9190843E+00,-1.7056597E-12, 1.0000000E-04, 0.0000000E+00, 3.9329455E-05, 6.0670545E-05,-1.6090413E-09
 2.5000000E+00,-6.0622189E+01,-6.0622189E+01, 1.3951622E-03, 6.4042392E-03, 1.0000000E+01, 0.0000000E+00, 1.0000000E+01, 1.9190843E+00,-1.6840918E-12, 1.0000000E-04, 0.0000000E+00, 3.9627704E-05, 6.0372296E-05,-1.5687044E-09
 2.5174640E+00,-6.0622189E+01,-6.0622189E+01, 1.3768829E-03, 6.3781879E-03, 1.0069856E+01, 0.0000000E+00, 1.0069856E+01, 1.9190843E+00,-1.6890957E-12, 1.0000000E-04, 0.0000000E+00, 4.0073259E-05, 5.9926741E-05,-1.6302310E-09
 2.5436600E+00,-6.0622189E+01,-6.0622189E+01, 1.3501662E-03, 6.3376981E-03, 1.0174640E+01, 0.0000000E+00, 1.0174640E+01, 1.9190843E+00,-1.6303961E-12, 1.0000000E-04, 0.0000000E+00, 4.0737349E-05, 5.9262651E-05,-1.6501413E-09
 2.5829540E+00,-6.0622189E+01,-6.0622189E+01, 1.3115943E-03, 6.2740908E-03, 1.0331816E+01, 0.0000000E+00, 1.0331816E+01, 1.9190843E+00,-1.5514793E-12, 1.0000000E-04, 0.0000000E+00, 4.1723485E-05, 5.8276515E-05,-1.5169870E-09
 2.6418950E+00,-6.0622189E+01,-6.0622189E+01, 1.2568805E-03, 6.1731644E-03, 1.0567580E+01, 0.0000000E+00, 1.0567580E+01, 1.9190843E+00,-1.6502197E-12, 1.0000000E-04, 0.0000000E+00, 4.3178895E-05, 5.6821105E-05,-1.1832932E-09
 2.7303065E+00,-6.0622189E+01,-6.0622189E+01, 1.1811797E-03, 6.0121609E-03, 1.0921226E+01, 0.0000000E+00, 1.0921226E+01, 1.9190843E+00,-1.9644593E-12, 1.0000000E-04, 0.0000000E+00, 4.5305072E-05, 5.4694928E-05,-9.5954371E-10
 2.8303065E+00,-6.0622189E+01,-6.0622189E+01, 1.1028559E-03, 5.8212602E-03, 1.1321226E+01, 0.0000000E+00, 1.1321226E+01, 1.9190843E+00,-1.7977812E-12, 1.0000000E-04, 0.0000000E+00, 4.7633576E-05, 5.2366424E-05,-1.3629123E-09
 2.9303065E+00,-6.0622189E+01,-6.0622189E+01, 1.0310658E-03, 5.6245339E-03, 1.1721226E+01, 0.0000000E+00, 1.1721226E+01, 1.9190843E+00,-1.8752901E-12, 1.0000000E-04, 0.0000000E+00, 4.9883390E-05, 5.0116610E-05,-1.7668534E-09
 3.0000000E+00,-6.0622189E+01,-6.0622189E+01, 9.8399403E-04, 5.4855343E-03, 1.2000000E+01, 0.0000000E+00, 1.2000000E+01, 1.9190843E+00,-1.7866833E-12, 1.0000000E-04, 0.0000000E+00, 5.1412614E-05, 4.8587386E-05,-1.6281210E-09
 3.1000000E+00,-6.0622189E+01,-6.0622189E+01, 9.2181659E-04, 5.2841780E-03, 1.2400000E+01, 0.0000000E+00, 1.2400000E+01, 1.9190843E+00,-1.8732335E-12, 1.0000000E-04, 0.0000000E+00, 5.3526285E-05, 4.6473715E-05,-2.0208050E-09
 3.2000000E+00,-6.0622189E+01,-6.0622189E+01, 8.6450646E-04, 5.0827768E-03, 1.2800000E+01, 0.0000000E+00, 1.2800000E+01, 1.9190843E+00,-1.8464640E-12, 1.0000000E-04, 0.0000000E+00, 5.5559395E-05, 4.4440605E-05,-2.4010422E-09
 3.3000000E+00,-6.0622189E+01,-6.0622189E+01, 8.1158472E-04, 4.8828019E-03, 1.3200000E+01, 0.0000000E+00, 1.3200000E+01, 1.9190843E+00,-1.8328601E-12, 1.0000000E-04, 0.0000000E+00, 5.7512516E-05, 4.2487484E-05,-2.7661840E-09
 3.4000000E+00,-6.0622189E+01,-6.0622189E+01, 7.6262970E-04, 4.6854458E-03, 1.3600000E+01, 0.0000000E+00, 1.3600000E+01, 1.9190843E+00,-1.9115277E-12, 1.0000000E-04, 0.0000000E+00, 5.9386694E-05, 4.0613306E-05,-3.1143672E-09
 3.5000000E+00,-6.0622189E+01,-6.0622189E+01, 7.1726912E-04, 4.4916626E-03, 1.4000000E+01, 0.0000000E+00, 1.4000000E+01, 1.9190843E+00,-2.1089872E-12, 1.0000000E-04, 0.0000000E+00, 6.1183359E-05, 3.8816641E-05,-3.4443573E-09
 3.6000000E+00,-6.0622189E+01,-6.0622189E+01, 6.7517330E-04, 4.3022040E-03, 1.4400000E+01, 0.0000000E+00, 1.4400000E+01, 1.9190843E+00,-2.1117191E-12, 1.0000000E-04, 0.0000000E+00, 6.2904241E-05, 3.7095759E-05,-3.7555258E-09
 3.7000000E+00,-6.0622189E+01,-6.0622189E+01, 6.3604956E-04, 4.1176498E-03, 1.4800000E+01, 0.0000000E+00, 1.4800000E+01, 1.9190843E+00,-2.2099429E-12, 1.0000000E-04, 0.0000000E+00, 6.4551301E-05, 3.5448699E-05,-4.0476707E-09
 3.8000000E+00,-6.0622189E+01,-6.0622189E+01, 5.9963732E-04, 3.9384356E-03, 1.5200000E+01, 0.0000000E+00, 1.5200000E+01, 1.9190843E+00,-2.3865884E-12, 1.0000000E-04, 0.0000000E+00, 6.6126675E-05, 3.3873325E-05,-4.3209153E-09
 3.9000000E+00,-6.0622189E+01,-6.0622189E+01, 5.6570405E-04, 3.7648755E-03, 1.5600000E+01, 0.0000000E+00, 1.5600000E+01, 1.9190843E+00,-2.3118181E-12, 1.0000000E-04, 0.0000000E+00, 6.7632625E-05, 3.2367375E-05,-4.5756414E-09
 4.0000000E+00,-6.0622189E+01,-6.0622189E+01, 5.3404168E-04, 3.5971825E-03, 1.6000000E+01, 0.0000000E+00, 1.6000000E+01, 1.9190843E+00,-2.5377823E-12, 1.0000000E-04, 0.0000000E+00, 6.9071498E-05, 3.0928502E-05,-4.8124212E-09
 4.1000000E+00,-6.0622189E+01,-6.0622189E+01, 5.0446363E-04, 3.4354858E-03, 1.6400000E+01, 0.0000000E+00, 1.6400000E+01, 1.9190843E+00,-2.4047954E-12, 1.0000000E-04, 0.0000000E+00, 7.0445693E-05, 2.9554307E-05,-5.0319956E-09
 4.2000000E+00,-6.0622189E+01,-6.0622189E+01, 4.7680217E-04, 3.2798452E-03, 1.6800000E+01, 0.0000000E+00, 1.6800000E+01, 1.9190843E+00,-2.4103457E-12, 1.0000000E-04, 0.0000000E+00, 7.1757631E-05, 2.8242369E-05,-5.2351390E-09
 4.3000000E+00,-6.0622189E+01,-6.0622189E+01, 4.5090616E-04, 3.1302636E-03, 1.7200000E+01, 0.0000000E+00, 1.7200000E+01, 1.9190843E+00,-2.4714098E-12, 1.0000000E-04, 0.0000000E+00, 7.3009736E-05, 2.6990264E-05,-5.4227379E-09
 4.4000000E+00,-6.0622189E+01,-6.0622189E+01, 4.2663913E-04, 2.9866978E-03, 1.7600000E+01, 0.0000000E+00, 1.7600000E+01, 1.9190843E+00,-2.5481724E-12, 1.0000000E-04, 0.0000000E+00, 7.4204415E-05, 2.5795585E-05,-5.5956791E-09
 4.5000000E+00,-6.0622189E+01,-6.0622189E+01, 4.0387757E-04, 2.8490675E-03, 1.8000000E+01, 0.0000000E+00, 1.8000000E+01, 1.9190843E+00,-2.4078233E-12, 1.0000000E-04, 0.0000000E+00, 7.5344042E-05, 2.4655958E-05,-5.7548717E-09
 4.6000000E+00,-6.0622189E+01,-6.0622189E+01, 3.8250945E-04, 2.7172629E-03, 1.8400000E+01, 0.0000000E+00, 1.8400000E+01, 1.9190843E+00,-2.4478461E-12, 1.0000000E-04, 0.0000000E+00, 7.6430948E-05, 2.3569052E-05,-5.9012359E-09
 4.7000000E+00,-6.0622189E+01,-6.0622189E+01, 3.6243299E-04, 2.5911509E-03, 1.8800000E+01, 0.0000000E+00, 1.8800000E+01, 1.9190843E+00,-2.5206177E-12, 1.0000000E-04, 0.0000000E+00, 7.7467408E-05, 2.2532592E-05,-6.0356136E-09
 4.8000000E+00,-6.0622189E+01,-6.0622189E+01, 3.4355548E-04, 2.4705807E-03, 1.9200000E+01, 0.0000000E+00, 1.9200000E+01, 1.9190843E+00,-2.6242773E-12, 1.0000000E-04, 0.0000000E+00, 7.8455640E-05, 2.1544360E-05,-6.1589025E-09
 4.9000000E+00,-6.0622189E+01,-6.0622189E+01, 3.2579234E-04, 2.3553883E-03, 1.9600000E+01, 0.0000000E+00, 1.9600000E+01, 1.9190843E+00,-2.7240832E-12, 1.0000000E-04, 0.0000000E+00, 7.9397795E-05, 2.0602205E-05,-6.2718884E-09
 5.0000000E+00,-6.0622189E+01,-6.0622189E+01, 3.0906624E-04, 2.2454003E-03, 2.0000000E+01, 0.0000000E+00, 2.0000000E+01, 1.9190843E+00,-2.8364547E-12, 1.0000000E-04, 0.0000000E+00, 8.0295956E-05, 1.9704044E-05,-6.3753456E-09
 5.0000000E+00,-6.0622189E+01,-6.0622189E+01, 3.0906624E-04, 2.2454003E-03, 2.0000000E+01, 0.0000000E+00, 2.0000000E+01, 1.9190843E+00,-2.8526630E-12, 1.0000000E-04, 0.0000000E+00, 8.0295956E-05, 1.9704044E-05,-6.3753344E-09
