time,h-5,th-5,Sw-5,C-5,Aaw-5,Cs1-5,Cs2-5,Caw1-5,Caw2-5,Ctot-5,h-10,th-10,Sw-10,C-10,Aaw-10,Cs1-10,Cs2-10,Caw1-10,Caw2-10,Ctot-10,h-15,th-15,Sw-15,C-15,Aaw-15,Cs1-15,Cs2-15,Caw1-15,Caw2-15,Ctot-15,h-20,th-20,Sw-20,C-20,Aaw-20,Cs1-20,Cs2-20,Caw1-20,Caw2-20,Ctot-20
  1.000000E-08, -6.062219E+01,  1.919084E-01,  5.345639E-01,  4.140700E-28,  9.665265E+01,  3.468700E-28,  9.394399E-39,  1.347799E-31,  2.246331E-43,  5.645718E-28, -6.062219E+01,  1.919084E-01,  5.345639E-01,  4.140700E-28,  9.665265E+01,  3.468700E-28,  9.394399E-39,  1.347799E-31,  2.246331E-43,  5.645718E-28, -6.062219E+01,  1.919084E-01,  5.345639E-01,  4.140700E-28,  9.665265E+01,  3.468700E-28,  9.394399E-39,  1.347799E-31,  2.246331E-43,  5.645718E-28, -6.062219E+01,  1.919084E-01,  5.345639E-01,  4.140700E-28,  9.665265E+01,  3.468700E-28,  9.394399E-39,  1.347799E-31,  2.246331E-43,  5.645718E-28
  2.000000E-08, -6.062219E+01,  1.919084E-01,  5.345639E-01,  4.140700E-28,  9.665265E+01,  3.468700E-28,  1.878880E-38,  1.347799E-31,  4.492662E-43,  5.645718E-28, -6.062219E+01,  1.919084E-01,  5.345639E-01,  4.140700E-28,  9.665265E+01,  3.468700E-28,  1.878880E-38,  1.347799E-31,  4.492662E-43,  5.645718E-28, -6.062219E+01,  1.919084E-01,  5.345639E-01,  4.140700E-28,  9.665265E+01,  3.468700E-28,  1.878880E-38,  1.347799E-31,  4.492662E-43,  5.645718E-28, -6.062219E+01,  1.919084E-01,  5.345639E-01,  4.140700E-28,  9.665265E+01,  3.468700E-28,  1.878880E-38,  1.347799E-31,  4.492662E-43,  5.645718E-28
  3.500000E-08, -6.062219E+01,  1.919084E-01,  5.345639E-01,  4.140700E-28,  9.665265E+01,  3.468700E-28,  3.288040E-38,  1.347799E-31,  7.862158E-43,  5.645718E-28, -6.062219E+01,  1.919084E-01,  5.345639E-01,  4.140700E-28,  9.665265E+01,  3.468700E-28,  3.288040E-38,  1.347799E-31,  7.862158E-43,  5.645718E-28, -6.062219E+01,  1.919084E-01,  5.345639E-01,  4.140700E-28,  9.665265E+01,  3.468700E-28,  3.288040E-38,  1.347799E-31,  7.862158E-43,  5.645718E-28, -6.062219E+01,  1.919084E-01,  5.345639E-01,  4.140700E-28,  9.665265E+01,  3.468700E-28,  3.288040E-38,  1.347799E-31,  7.862158E-43,  5.645718E-28
  5.750000E-08, -6.062219E+01,  1.919084E-01,  5.345639E-01,  4.140700E-28,  9.665265E+01,  3.468700E-28,  5.401780E-38,  1.347799E-31,  1.291640E-42,  5.645718E-28, -6.062219E+01,  1.919084E-01,  5.345639E-01,  4.140700E-28,  9.665265E+01,  3.468700E-28,  5.401780E-38,  1.347799E-31,  1.291640E-42,  5.645718E-28, -6.062219E+01,  1.919084E-01,  5.345639E-01,  4.140700E-28,  9.665265E+01,  3.468700E-28,  5.401780E-38,  1.347799E-31,  1.291640E-42,  5.645718E-28, -6.062219E+01,  1.919084E-01,  5.345639E-01,  4.140700E-28,  9.665265E+01,  3.468700E-28,  5.401780E-38,  1.347799E-31,  1.291640E-42,  5.645718E-28
  9.125000E-08, -6.062219E+01,  1.919084E-01,  5.345639E-01,  4.140700E-28,  9.665265E+01,  3.468700E-28,  8.572389E-38,  1.347799E-31,  2.049777E-42,  5.645718E-28, -6.062219E+01,  1.919084E-01,  5.345639E-01,  4.140700E-28,  9.665265E+01,  3.468700E-28,  8.572389E-38,  1.347799E-31,  2.049777E-42,  5.645718E-28, -6.062219E+01,  1.919084E-01,  5.345639E-01,  4.140700E-28,  9.665265E+01,  3.468700E-28,  8.572389E-38,  1.347799E-31,  2.049777E-42,  5.645718E-28, -6.062219E+01,  1.919084E-01,  5.345639E-01,  4.140700E-28,  9.665265E+01,  3.468700E-28,  8.572389E-38,  1.347799E-31,  2.049777E-42,  5.645718E-28
  1.418750E-07, -6.062219E+01,  1.919084E-01,  5.345639E-01,  4.140700E-28,  9.665265E+01,  3.468700E-28,  1.332830E-37,  1.347799E-31,  3.186982E-42,  5.645718E-28, -6.062219E+01,  1.919084E-01,  5.345639E-01,  4.140700E-28,  9.665265E+01,  3.468700E-28,  1.332830E-37,  1.347799E-31,  3.186982E-42,  5.645718E-28, -6.062219E+01,  1.919084E-01,  5.345639E-01,  4.140700E-28,  9.665265E+01,  3.468700E-28,  1.332830E-37,  1.347799E-31,  3.186982E-42,  5.645718E-28, -6.062219E+01,  1.919084E-01,  5.345639E-01,  4.140700E-28,  9.665265E+01,  3.468700E-28,  1.332830E-37,  1.347799E-31,  3.186982E-42,  5.645718E-28
  2.178125E-07, -6.062219E+01,  1.919084E-01,  5.345639E-01,  4.140700E-28,  9.665265E+01,  3.468700E-28,  2.046218E-37,  1.347799E-31,  4.892790E-42,  5.645718E-28, -6.062219E+01,  1.919084E-01,  5.345639E-01,  4.140700E-28,  9.665265E+01,  3.468700E-28,  2.046218E-37,  1.347799E-31,  4.892790E-42,  5.645718E-28, -6.062219E+01,  1.919084E-01,  5.345639E-01,  4.140700E-28,  9.665265E+01,  3.468700E-28,  2.046218E-37,  1.347799E-31,  4.892790E-42,  5.645718E-28, -6.062219E+01,  1.919084E-01,  5.345639E-01,  4.140700E-28,  9.665265E+01,  3.468700E-28,  2.046218E-37,  1.347799E-31,  4.892790E-42,  5.645718E-28
  3.317188E-07, -6.062219E+01,  1.919084E-01,  5.345639E-01,  4.140700E-28,  9.665265E+01,  3.468700E-28,  3.116298E-37,  1.347799E-31,  7.451501E-42,  5.645718E-28, -6.062219E+01,  1.919084E-01,  5.345639E-01,  4.140700E-28,  9.665265E+01,  3.468700E-28,  3.116298E-37,  1.347799E-31,  7.451501E-42,  5.645718E-28, -6.062219E+01,  1.919084E-01,  5.345639E-01,  4.140700E-28,  9.665265E+01,  3.468700E-28,  3.116298E-37,  1.347799E-31,  7.451501E-42,  5.645718E-28, -6.062219E+01,  1.919084E-01,  5.345639E-01,  4.140700E-28,  9.665265E+01,  3.468700E-28,  3.116298E-37,  1.347799E-31,  7.451501E-42,  5.645718E-28
  5.025781E-07, -6.062219E+01,  1.919084E-01,  5.345639E-01,  4.140700E-28,  9.665265E+01,  3.468700E-28,  4.721420E-37,  1.347799E-31,  1.128957E-41,  5.645718E-28, -6.062219E+01,  1.919084E-01,  5.345639E-01,  4.140700E-28,  9.665265E+01,  3.468700E-28,  4.721420E-37,  1.347799E-31,  1.128957E-41,  5.645718E-28, -6.062219E+01,  1.919084E-01,  5.345639E-01,  4.140700E-28,  9.665265E+01,  3.468700E-28,  4.721420E-37,  1.347799E-31,  1.128957E-41,  5.645718E-28, -6.062219E+01,  1.919084E-01,  5.345639E-01,  4.140700E-28,  9.665265E+01,  3.468700E-28,  4.721420E-37,  1.347799E-31,  1.128957E-41,  5.645718E-28
  7.588672E-07, -6.062219E+01,  1.919084E-01,  5.345639E-01,  4.140700E-28,  9.665265E+01,  3.468701E-28,  7.129101E-37,  1.347799E-31,  1.704667E-41,  5.645718E-28, -6.062219E+01,  1.919084E-01,  5.345639E-01,  4.140700E-28,  9.665265E+01,  3.468700E-28,  7.129101E-37,  1.347799E-31,  1.704667E-41,  5.645718E-28, -6.062219E+01,  1.919084E-01,  5.345639E-01,  4.140700E-28,  9.665265E+01,  3.468700E-28,  7.129101E-37,  1.347799E-31,  1.704667E-41,  5.645718E-28, -6.062219E+01,  1.919084E-01,  5.345639E-01,  4.140700E-28,  9.665265E+01,  3.468700E-28,  7.129101E-37,  1.347799E-31,  1.704667E-41,  5.645718E-28
  1.143301E-06, -6.062219E+01,  1.919084E-01,  5.345639E-01,  4.140701E-28,  9.665265E+01,  3.468701E-28,  1.074062E-36,  1.347799E-31,  2.568232E-41,  5.645719E-28, -6.062219E+01,  1.919084E-01,  5.345639E-01,  4.140700E-28,  9.665265E+01,  3.468700E-28,  1.074062E-36,  1.347799E-31,  2.568232E-41,  5.645718E-28, -6.062219E+01,  1.919084E-01,  5.345639E-01,  4.140700E-28,  9.665265E+01,  3.468700E-28,  1.074062E-36,  1.347799E-31,  2.568232E-41,  5.645718E-28, -6.062219E+01,  1.919084E-01,  5.345639E-01,  4.140700E-28,  9.665265E+01,  3.468700E-28,  1.074062E-36,  1.347799E-31,  2.568232E-41,  5.645718E-28
  1.719951E-06, -6.062219E+01,  1.919084E-01,  5.345639E-01,  4.140714E-28,  9.665265E+01,  3.468710E-28,  1.615792E-36,  1.347803E-31,  3.863584E-41,  5.645734E-28, -6.062219E+01,  1.919084E-01,  5.345639E-01,  4.140700E-28,  9.665265E+01,  3.468700E-28,  1.615791E-36,  1.347799E-31,  3.863580E-41,  5.645718E-28, -6.062219E+01,  1.919084E-01,  5.345639E-01,  4.140700E-28,  9.665265E+01,  3.468700E-28,  1.615791E-36,  1.347799E-31,  3.863580E-41,  5.645718E-28, -6.062219E+01,  1.919084E-01,  5.345639E-01,  4.140700E-28,  9.665265E+01,  3.468700E-28,  1.615791E-36,  1.347799E-31,  3.863580E-41,  5.645718E-28
  2.584927E-06, -6.062219E+01,  1.919084E-01,  5.345639E-01,  4.140902E-28,  9.665265E+01,  3.468847E-28,  2.428419E-36,  1.347864E-31,  5.806700E-41,  5.645957E-28, -6.062219E+01,  1.919084E-01,  5.345639E-01,  4.140700E-28,  9.665265E+01,  3.468700E-28,  2.428383E-36,  1.347799E-31,  5.806601E-41,  5.645718E-28, -6.062219E+01,  1.919084E-01,  5.345639E-01,  4.140700E-28,  9.665265E+01,  3.468700E-28,  2.428383E-36,  1.347799E-31,  5.806601E-41,  5.645718E-28, -6.062219E+01,  1.919084E-01,  5.345639E-01,  4.140700E-28,  9.665265E+01,  3.468700E-28,  2.428383E-36,  1.347799E-31,  5.806601E-41,  5.645718E-28
  3.882390E-06, -6.062219E+01,  1.919084E-01,  5.345639E-01,  4.143705E-28,  9.665265E+01,  3.470891E-28,  3.648078E-36,  1.348777E-31,  8.723348E-41,  5.649283E-28, -6.062219E+01,  1.919084E-01,  5.345639E-01,  4.140700E-28,  9.665265E+01,  3.468700E-28,  3.647272E-36,  1.347799E-31,  8.721133E-41,  5.645718E-28, -6.062219E+01,  1.919084E-01,  5.345639E-01,  4.140700E-28,  9.665265E+01,  3.468700E-28,  3.647272E-36,  1.347799E-31,  8.721133E-41,  5.645718E-28, -6.062219E+01,  1.919084E-01,  5.345639E-01,  4.140700E-28,  9.665265E+01,  3.468700E-28,  3.647272E-36,  1.347799E-31,  8.721133E-41,  5.645718E-28
  5.828585E-06, -6.062219E+01,  1.919084E-01,  5.345639E-01,  4.185382E-28,  9.665265E+01,  3.501242E-28,  5.493564E-36,  1.362343E-31,  1.314232E-40,  5.698687E-28, -6.062219E+01,  1.919084E-01,  5.345639E-01,  4.140700E-28,  9.665265E+01,  3.468700E-28,  5.475606E-36,  1.347799E-31,  1.309293E-40,  5.645718E-28, -6.062219E+01,  1.919084E-01,  5.345639E-01,  4.140700E-28,  9.665265E+01,  3.468700E-28,  5.475606E-36,  1.347799E-31,  1.309293E-40,  5.645718E-28, -6.062219E+01,  1.919084E-01,  5.345639E-01,  4.140700E-28,  9.665265E+01,  3.468700E-28,  5.475606E-36,  1.347799E-31,  1.309293E-40,  5.645718E-28
  8.747878E-06, -6.062219E+01,  1.919084E-01,  5.345639E-01,  4.808053E-28,  9.665265E+01,  3.950262E-28,  8.616806E-36,  1.565022E-31,  2.075692E-40,  6.429563E-28, -6.062219E+01,  1.919084E-01,  5.345639E-01,  4.140700E-28,  9.665265E+01,  3.468700E-28,  8.218106E-36,  1.347799E-31,  1.965063E-40,  5.645718E-28, -6.062219E+01,  1.919084E-01,  5.345639E-01,  4.140700E-28,  9.665265E+01,  3.468700E-28,  8.218106E-36,  1.347799E-31,  1.965063E-40,  5.645718E-28, -6.062219E+01,  1.919084E-01,  5.345639E-01,  4.140700E-28,  9.665265E+01,  3.468700E-28,  8.218106E-36,  1.347799E-31,  1.965063E-40,  5.645718E-28
  1.312682E-05, -6.062219E+01,  1.919084E-01,  5.345639E-01,  1.489512E-27,  9.665265E+01,  1.056479E-27,  2.114626E-35,  4.848365E-31,  5.614140E-40,  1.719662E-27, -6.062219E+01,  1.919084E-01,  5.345639E-01,  4.140700E-28,  9.665265E+01,  3.468700E-28,  1.233186E-35,  1.347799E-31,  2.948717E-40,  5.645718E-28, -6.062219E+01,  1.919084E-01,  5.345639E-01,  4.140700E-28,  9.665265E+01,  3.468700E-28,  1.233186E-35,  1.347799E-31,  2.948717E-40,  5.645718E-28, -6.062219E+01,  1.919084E-01,  5.345639E-01,  4.140700E-28,  9.665265E+01,  3.468700E-28,  1.233186E-35,  1.347799E-31,  2.948717E-40,  5.645718E-28
  1.969523E-05, -6.062219E+01,  1.919084E-01,  5.345639E-01,  2.144871E-26,  9.665265E+01,  1.075553E-26,  2.124811E-34,  6.981559E-30,  8.204369E-39,  1.751034E-26, -6.062219E+01,  1.919084E-01,  5.345639E-01,  4.140700E-28,  9.665265E+01,  3.468700E-28,  1.850248E-35,  1.347799E-31,  4.424199E-40,  5.645718E-28, -6.062219E+01,  1.919084E-01,  5.345639E-01,  4.140700E-28,  9.665265E+01,  3.468700E-28,  1.850248E-35,  1.347799E-31,  4.424199E-40,  5.645718E-28, -6.062219E+01,  1.919084E-01,  5.345639E-01,  4.140700E-28,  9.665265E+01,  3.468700E-28,  1.850248E-35,  1.347799E-31,  4.424199E-40,  5.645718E-28
  2.954784E-05, -6.062219E+01,  1.919084E-01,  5.345639E-01,  4.511653E-25,  9.665265E+01,  1.522596E-25,  4.275402E-33,  1.468544E-28,  2.493543E-37,  2.479598E-25, -6.062219E+01,  1.919084E-01,  5.345639E-01,  4.140700E-28,  9.665265E+01,  3.468700E-28,  2.775842E-35,  1.347799E-31,  6.637422E-40,  5.645719E-28, -6.062219E+01,  1.919084E-01,  5.345639E-01,  4.140700E-28,  9.665265E+01,  3.468700E-28,  2.775842E-35,  1.347799E-31,  6.637422E-40,  5.645719E-28, -6.062219E+01,  1.919084E-01,  5.345639E-01,  4.140700E-28,  9.665265E+01,  3.468700E-28,  2.775842E-35,  1.347799E-31,  6.637422E-40,  5.645719E-28
  4.432676E-05, -6.062219E+01,  1.919084E-01,  5.345639E-01,  9.741964E-24,  9.665265E+01,  2.205135E-24,  9.253866E-32,  3.171011E-27,  8.060040E-36,  3.592795E-24, -6.062219E+01,  1.919084E-01,  5.345639E-01,  4.140700E-28,  9.665265E+01,  3.468700E-28,  4.164232E-35,  1.347799E-31,  9.957256E-40,  5.645719E-28, -6.062219E+01,  1.919084E-01,  5.345639E-01,  4.140700E-28,  9.665265E+01,  3.468700E-28,  4.164232E-35,  1.347799E-31,  9.957256E-40,  5.645719E-28, -6.062219E+01,  1.919084E-01,  5.345639E-01,  4.140700E-28,  9.665265E+01,  3.468700E-28,  4.164232E-35,  1.347799E-31,  9.957256E-40,  5.645719E-28
  6.649513E-05, -6.062219E+01,  1.919084E-01,  5.345639E-01,  2.092940E-22,  9.665265E+01,  3.179589E-23,  2.001544E-30,  6.812522E-26,  2.597643E-34,  5.184020E-23, -6.062219E+01,  1.919084E-01,  5.345639E-01,  4.140700E-28,  9.665265E+01,  3.468700E-28,  6.246818E-35,  1.347799E-31,  1.493701E-39,  5.645719E-28, -6.062219E+01,  1.919084E-01,  5.345639E-01,  4.140700E-28,  9.665265E+01,  3.468700E-28,  6.246818E-35,  1.347799E-31,  1.493701E-39,  5.645719E-28, -6.062219E+01,  1.919084E-01,  5.345639E-01,  4.140700E-28,  9.665265E+01,  3.468700E-28,  6.246818E-35,  1.347799E-31,  1.493701E-39,  5.645719E-28
  9.974770E-05, -6.062219E+01,  1.919084E-01,  5.345639E-01,  4.458885E-21,  9.665265E+01,  4.551342E-22,  4.299050E-29,  1.451368E-24,  8.303382E-33,  7.428105E-22, -6.062219E+01,  1.919084E-01,  5.345639E-01,  4.140700E-28,  9.665265E+01,  3.468700E-28,  9.370696E-35,  1.347799E-31,  2.240663E-39,  5.645720E-28, -6.062219E+01,  1.919084E-01,  5.345639E-01,  4.140700E-28,  9.665265E+01,  3.468700E-28,  9.370696E-35,  1.347799E-31,  2.240663E-39,  5.645720E-28, -6.062219E+01,  1.919084E-01,  5.345639E-01,  4.140700E-28,  9.665265E+01,  3.468700E-28,  9.370696E-35,  1.347799E-31,  2.240663E-39,  5.645720E-28
  1.496266E-04, -6.062219E+01,  1.919084E-01,  5.345639E-01,  9.404042E-20,  9.665265E+01,  6.457974E-21,  9.153890E-28,  3.061017E-23,  2.627701E-31,  1.055578E-20, -6.062219E+01,  1.919084E-01,  5.345639E-01,  4.140700E-28,  9.665265E+01,  3.468700E-28,  1.405651E-34,  1.347799E-31,  3.361107E-39,  5.645720E-28, -6.062219E+01,  1.919084E-01,  5.345639E-01,  4.140700E-28,  9.665265E+01,  3.468700E-28,  1.405651E-34,  1.347799E-31,  3.361107E-39,  5.645720E-28, -6.062219E+01,  1.919084E-01,  5.345639E-01,  4.140700E-28,  9.665265E+01,  3.468700E-28,  1.405651E-34,  1.347799E-31,  3.361107E-39,  5.645720E-28
  2.244448E-04, -6.062219E+01,  1.919084E-01,  5.345639E-01,  1.959426E-18,  9.665265E+01,  9.067022E-20,  1.928815E-26,  6.377934E-22,  8.215869E-30,  1.485343E-19, -6.062219E+01,  1.919084E-01,  5.345639E-01,  4.140700E-28,  9.665265E+01,  3.468700E-28,  2.108524E-34,  1.347799E-31,  5.041773E-39,  5.645722E-28, -6.062219E+01,  1.919084E-01,  5.345639E-01,  4.140700E-28,  9.665265E+01,  3.468700E-28,  2.108524E-34,  1.347799E-31,  5.041773E-39,  5.645722E-28, -6.062219E+01,  1.919084E-01,  5.345639E-01,  4.140700E-28,  9.665265E+01,  3.468700E-28,  2.108524E-34,  1.347799E-31,  5.041773E-39,  5.645722E-28
  3.366722E-04, -6.062219E+01,  1.919084E-01,  5.345639E-01,  4.022398E-17,  9.665265E+01,  1.256651E-18,  4.012462E-25,  1.309291E-20,  2.531131E-28,  2.065384E-18, -6.062219E+01,  1.919084E-01,  5.345639E-01,  4.140700E-28,  9.665265E+01,  3.468700E-28,  3.162832E-34,  1.347799E-31,  7.562770E-39,  5.645723E-28, -6.062219E+01,  1.919084E-01,  5.345639E-01,  4.140700E-28,  9.665265E+01,  3.468700E-28,  3.162832E-34,  1.347799E-31,  7.562770E-39,  5.645723E-28, -6.062219E+01,  1.919084E-01,  5.345639E-01,  4.140700E-28,  9.665265E+01,  3.468700E-28,  3.162832E-34,  1.347799E-31,  7.562770E-39,  5.645723E-28
  5.050134E-04, -6.062219E+01,  1.919084E-01,  5.345639E-01,  8.105426E-16,  9.665265E+01,  1.713750E-17,  8.214643E-24,  2.638317E-19,  7.655400E-27,  2.830212E-17, -6.062219E+01,  1.919084E-01,  5.345639E-01,  4.140700E-28,  9.665265E+01,  3.468700E-28,  4.744295E-34,  1.347799E-31,  1.134427E-38,  5.645726E-28, -6.062219E+01,  1.919084E-01,  5.345639E-01,  4.140700E-28,  9.665265E+01,  3.468700E-28,  4.744295E-34,  1.347799E-31,  1.134427E-38,  5.645726E-28, -6.062219E+01,  1.919084E-01,  5.345639E-01,  4.140700E-28,  9.665265E+01,  3.468700E-28,  4.744295E-34,  1.347799E-31,  1.134427E-38,  5.645726E-28
  7.575250E-04, -6.062219E+01,  1.919084E-01,  5.345639E-01,  1.595053E-14,  9.665265E+01,  2.289427E-16,  1.647853E-22,  5.191899E-18,  2.261578E-25,  3.807430E-16, -6.062219E+01,  1.919084E-01,  5.345639E-01,  4.140700E-28,  9.665265E+01,  3.468700E-28,  7.116487E-34,  1.347799E-31,  1.701651E-38,  5.645730E-28, -6.062219E+01,  1.919084E-01,  5.345639E-01,  4.140700E-28,  9.665265E+01,  3.468700E-28,  7.116487E-34,  1.347799E-31,  1.701651E-38,  5.645730E-28, -6.062219E+01,  1.919084E-01,  5.345639E-01,  4.140700E-28,  9.665265E+01,  3.468700E-28,  7.116487E-34,  1.347799E-31,  1.701651E-38,  5.645730E-28
  1.136293E-03, -6.062219E+01,  1.919084E-01,  5.345639E-01,  3.043289E-13,  9.665265E+01,  2.977290E-15,  3.218974E-21,  9.905910E-17,  6.479549E-24,  5.001519E-15, -6.062219E+01,  1.919084E-01,  5.345639E-01,  4.140700E-28,  9.665265E+01,  3.468700E-28,  1.067477E-33,  1.347799E-31,  2.552487E-38,  5.645735E-28, -6.062219E+01,  1.919084E-01,  5.345639E-01,  4.140700E-28,  9.665265E+01,  3.468700E-28,  1.067477E-33,  1.347799E-31,  2.552487E-38,  5.645735E-28, -6.062219E+01,  1.919084E-01,  5.345639E-01,  4.140700E-28,  9.665265E+01,  3.468700E-28,  1.067477E-33,  1.347799E-31,  2.552487E-38,  5.645735E-28
  1.704444E-03, -6.062219E+01,  1.919084E-01,  5.345639E-01,  5.571787E-12,  9.665265E+01,  3.735320E-14,  6.069591E-20,  1.813618E-15,  1.782143E-22,  6.365665E-14, -6.062219E+01,  1.919084E-01,  5.345639E-01,  4.141205E-28,  9.665265E+01,  3.469069E-28,  1.601276E-33,  1.347963E-31,  3.828895E-38,  5.646343E-28, -6.062219E+01,  1.919084E-01,  5.345639E-01,  4.140700E-28,  9.665265E+01,  3.468700E-28,  1.601220E-33,  1.347799E-31,  3.828739E-38,  5.645744E-28, -6.062219E+01,  1.919084E-01,  5.345639E-01,  4.140700E-28,  9.665265E+01,  3.468700E-28,  1.601220E-33,  1.347799E-31,  3.828739E-38,  5.645744E-28
  2.556671E-03, -6.062219E+01,  1.919084E-01,  5.345639E-01,  9.644715E-11,  9.665265E+01,  4.463180E-13,  1.090848E-18,  3.139356E-14,  4.637282E-21,  7.760637E-13, -6.062219E+01,  1.919084E-01,  5.345639E-01,  5.181091E-28,  9.665265E+01,  4.215597E-28,  2.574281E-33,  1.686446E-31,  6.224278E-38,  6.861499E-28, -6.062219E+01,  1.919084E-01,  5.345639E-01,  4.140700E-28,  9.665265E+01,  3.468700E-28,  2.401832E-33,  1.347799E-31,  5.743115E-38,  5.645757E-28, -6.062219E+01,  1.919084E-01,  5.345639E-01,  4.140700E-28,  9.665265E+01,  3.468700E-28,  2.401832E-33,  1.347799E-31,  5.743115E-38,  5.645757E-28
  3.835011E-03, -6.062219E+01,  1.919084E-01,  5.345639E-01,  1.545490E-09,  9.665265E+01,  4.986549E-12,  1.835510E-17,  5.030571E-13,  1.118168E-19,  8.912795E-12, -6.062219E+01,  1.919084E-01,  5.345639E-01,  4.000197E-25,  9.665265E+01,  1.371271E-25,  4.773310E-31,  1.302065E-28,  2.780356E-35,  2.233136E-25, -6.062219E+01,  1.919084E-01,  5.345639E-01,  4.140700E-28,  9.665265E+01,  3.468700E-28,  3.602748E-33,  1.347799E-31,  8.614675E-38,  5.645777E-28, -6.062219E+01,  1.919084E-01,  5.345639E-01,  4.140700E-28,  9.665265E+01,  3.468700E-28,  3.602748E-33,  1.347799E-31,  8.614675E-38,  5.645777E-28
  5.752522E-03, -6.062219E+01,  1.919084E-01,  5.345639E-01,  2.226769E-08,  9.665265E+01,  5.079138E-11,  2.821269E-16,  7.248137E-12,  2.428206E-18,  9.415953E-11, -6.062219E+01,  1.919084E-01,  5.345639E-01,  1.708387E-21,  9.665265E+01,  1.975435E-22,  1.026368E-27,  5.560804E-25,  1.777423E-31,  3.222889E-22, -6.062219E+01,  1.919084E-01,  5.345639E-01,  4.140700E-28,  9.665265E+01,  3.468700E-28,  5.404115E-33,  1.347799E-31,  1.292200E-37,  5.645806E-28, -6.062219E+01,  1.919084E-01,  5.345639E-01,  4.140700E-28,  9.665265E+01,  3.468700E-28,  5.404115E-33,  1.347799E-31,  1.292200E-37,  5.645806E-28
  8.628788E-03, -6.062219E+01,  1.919084E-01,  5.345639E-01,  2.777684E-07,  9.665265E+01,  4.563696E-10,  3.837175E-15,  9.041366E-11,  4.577030E-17,  8.862393E-10, -6.062219E+01,  1.919084E-01,  5.345639E-01,  4.905396E-18,  9.665265E+01,  2.014647E-19,  1.570406E-24,  1.596707E-21,  7.656002E-28,  3.303238E-19, -6.062219E+01,  1.919084E-01,  5.345639E-01,  4.140700E-28,  9.665265E+01,  3.468700E-28,  8.106152E-33,  1.347799E-31,  1.938296E-37,  5.645850E-28, -6.062219E+01,  1.919084E-01,  5.345639E-01,  4.140700E-28,  9.665265E+01,  3.468700E-28,  8.106152E-33,  1.347799E-31,  1.938296E-37,  5.645850E-28
  1.294319E-02, -6.062219E+01,  1.919084E-01,  5.345639E-01,  2.869986E-06,  9.665265E+01,  3.480712E-09,  4.450837E-14,  9.341810E-10,  7.175039E-16,  7.148147E-09, -6.062219E+01,  1.919084E-01,  5.345639E-01,  7.930259E-15,  9.665265E+01,  1.246501E-16,  1.458075E-21,  2.581301E-18,  1.856880E-24,  2.069113E-16, -6.062219E+01,  1.919084E-01,  5.345639E-01,  4.144873E-28,  9.665265E+01,  3.471741E-28,  1.216273E-32,  1.349157E-31,  2.908411E-37,  5.650865E-28, -6.062219E+01,  1.919084E-01,  5.345639E-01,  4.140700E-28,  9.665265E+01,  3.468700E-28,  1.215918E-32,  1.347799E-31,  2.907434E-37,  5.645916E-28
  1.941478E-02, -6.062219E+01,  1.919084E-01,  5.345639E-01,  2.351495E-05,  9.665265E+01,  2.169611E-08,  4.247766E-13,  7.654116E-09,  8.973144E-15,  4.746711E-08, -6.062219E+01,  1.919084E-01,  5.345639E-01,  5.843536E-12,  9.665265E+01,  3.893324E-14,  6.838427E-19,  1.902072E-15,  2.053411E-21,  6.636899E-14, -6.062219E+01,  1.919084E-01,  5.345639E-01,  1.345820E-24,  9.665265E+01,  3.940319E-25,  6.918377E-30,  4.380647E-28,  4.727827E-34,  6.417974E-25, -6.062219E+01,  1.919084E-01,  5.345639E-01,  4.140700E-28,  9.665265E+01,  3.468700E-28,  1.823864E-32,  1.347799E-31,  4.361127E-37,  5.646015E-28
  2.912218E-02, -6.062219E+01,  1.919084E-01,  5.345639E-01,  1.479223E-04,  9.665265E+01,  1.074588E-07,  3.249905E-12,  4.814863E-08,  8.687152E-14,  2.513770E-07, -6.062219E+01,  1.919084E-01,  5.345639E-01,  1.615498E-09,  9.665265E+01,  5.182498E-12,  1.369338E-16,  5.258448E-13,  8.528050E-19,  9.268020E-12, -6.062219E+01,  1.919084E-01,  5.345639E-01,  1.657556E-18,  9.665265E+01,  7.838808E-20,  2.060862E-24,  5.395349E-22,  8.729010E-28,  1.283984E-19, -6.062219E+01,  1.919084E-01,  5.345639E-01,  4.140700E-28,  9.665265E+01,  3.468700E-28,  2.735768E-32,  1.347799E-31,  6.541634E-37,  5.646163E-28
  4.368328E-02, -6.062219E+01,  1.919084E-01,  5.345639E-01,  7.056426E-04,  9.665265E+01,  4.183901E-07,  1.974915E-11,  2.296842E-07,  6.442663E-13,  1.045856E-06, -6.062219E+01,  1.919084E-01,  5.345639E-01,  1.538888E-07,  9.665265E+01,  2.730126E-10,  1.090326E-14,  5.009083E-11,  1.224130E-16,  5.238328E-10, -6.062219E+01,  1.919084E-01,  5.345639E-01,  1.249781E-13,  9.665265E+01,  1.372645E-15,  5.413269E-20,  4.068040E-17,  9.872392E-23,  2.298046E-15, -6.062219E+01,  1.919084E-01,  5.345639E-01,  3.236909E-25,  9.665265E+01,  1.140581E-25,  4.525270E-30,  1.053615E-28,  2.563449E-34,  1.857474E-25
  6.552492E-02, -6.062219E+01,  1.919084E-01,  5.345639E-01,  2.576690E-03,  9.665265E+01,  1.291031E-06,  9.611562E-11,  8.386783E-07,  3.697164E-12,  3.433835E-06, -6.062219E+01,  1.919084E-01,  5.345639E-01,  5.436200E-06,  9.665265E+01,  6.067638E-09,  3.698166E-13,  1.769484E-09,  6.563605E-15,  1.268539E-08, -6.062219E+01,  1.919084E-01,  5.345639E-01,  4.907526E-10,  9.665265E+01,  1.838074E-12,  1.087802E-16,  1.597401E-13,  5.815772E-19,  3.244644E-12, -6.062219E+01,  1.919084E-01,  5.345639E-01,  5.382541E-17,  9.665265E+01,  1.619092E-18,  9.577277E-23,  1.752018E-20,  6.377617E-26,  2.662269E-18
  9.828739E-02, -6.062219E+01,  1.919084E-01,  5.345639E-01,  7.391411E-03,  9.665265E+01,  3.229278E-06,  3.826323E-10,  2.405619E-06,  1.683201E-11,  9.078768E-06, -6.062219E+01,  1.919084E-01,  5.345639E-01,  8.447099E-05,  9.665265E+01,  6.600065E-08,  6.225798E-12,  2.749528E-08,  1.566915E-13,  1.510993E-07, -6.062219E+01,  1.919084E-01,  5.345639E-01,  1.604674E-07,  9.665265E+01,  2.831386E-10,  2.523066E-14,  5.223216E-11,  2.857766E-16,  5.437351E-10, -6.062219E+01,  1.919084E-01,  5.345639E-01,  1.505476E-11,  9.665265E+01,  8.869289E-14,  7.869501E-18,  4.900326E-15,  2.675654E-20,  1.521056E-13
  1.000000E-01, -6.062219E+01,  1.919084E-01,  5.345639E-01,  7.656411E-03,  9.665265E+01,  3.329773E-06,  3.980756E-10,  2.491856E-06,  1.754322E-11,  9.379391E-06, -6.062219E+01,  1.919084E-01,  5.345639E-01,  8.916221E-05,  9.665265E+01,  6.917831E-08,  6.546650E-12,  2.902227E-08,  1.649750E-13,  1.586972E-07, -6.062219E+01,  1.919084E-01,  5.345639E-01,  1.704427E-07,  9.665265E+01,  2.983911E-10,  2.661461E-14,  5.547914E-11,  3.016115E-16,  5.737145E-10, -6.062219E+01,  1.919084E-01,  5.345639E-01,  1.601309E-11,  9.665265E+01,  9.358495E-14,  8.303552E-18,  5.212264E-15,  2.824423E-20,  1.605616E-13
  1.025689E-01, -6.062219E+01,  1.919084E-01,  5.345639E-01,  8.065594E-03,  9.665265E+01,  3.484065E-06,  4.223140E-10,  2.625011E-06,  1.866706E-11,  9.842146E-06, -6.062219E+01,  1.919084E-01,  5.345639E-01,  9.678190E-05,  9.665265E+01,  7.429396E-08,  7.063516E-12,  3.150248E-08,  1.784622E-13,  1.709637E-07, -6.062219E+01,  1.919084E-01,  5.345639E-01,  1.869633E-07,  9.665265E+01,  3.234005E-10,  2.886453E-14,  6.085658E-11,  3.276662E-16,  6.229563E-10, -6.062219E+01,  1.919084E-01,  5.345639E-01,  1.760861E-11,  9.665265E+01,  1.016467E-13,  9.010716E-18,  5.731604E-15,  3.069812E-20,  1.745047E-13
  1.064223E-01, -6.062219E+01,  1.919084E-01,  5.345639E-01,  8.702208E-03,  9.665265E+01,  3.722119E-06,  4.611557E-10,  2.832173E-06,  2.048585E-11,  1.055886E-05, -6.062219E+01,  1.919084E-01,  5.345639E-01,  1.096650E-04,  9.665265E+01,  8.282696E-08,  7.927862E-12,  3.569591E-08,  2.013860E-13,  1.915141E-07, -6.062219E+01,  1.919084E-01,  5.345639E-01,  2.158458E-07,  9.665265E+01,  3.664524E-10,  3.268869E-14,  7.025784E-11,  3.727857E-16,  7.079520E-10, -6.062219E+01,  1.919084E-01,  5.345639E-01,  2.042483E-11,  9.665265E+01,  1.156513E-13,  1.021761E-17,  6.648286E-15,  3.496764E-20,  1.987493E-13
  1.122024E-01, -6.062219E+01,  1.919084E-01,  5.345639E-01,  9.691023E-03,  9.665265E+01,  4.087466E-06,  5.251368E-10,  3.153937E-06,  2.352397E-11,  1.166491E-05, -6.062219E+01,  1.919084E-01,  5.345639E-01,  1.327838E-04,  9.665265E+01,  9.782476E-08,  9.459146E-12,  4.322105E-08,  2.430206E-13,  2.278799E-07, -6.062219E+01,  1.919084E-01,  5.345639E-01,  2.709599E-07,  9.665265E+01,  4.466219E-10,  3.967985E-14,  8.819750E-11,  4.577463E-16,  8.669158E-10, -6.062219E+01,  1.919084E-01,  5.345639E-01,  2.590452E-11,  9.665265E+01,  1.422163E-13,  1.244378E-17,  8.431926E-15,  4.309011E-20,  2.448094E-13
  1.208725E-01, -6.062219E+01,  1.919084E-01,  5.345639E-01,  1.118508E-02,  9.665265E+01,  4.630508E-06,  6.338582E-10,  3.640090E-06,  2.878358E-11,  1.332150E-05, -6.062219E+01,  1.919084E-01,  5.345639E-01,  1.779331E-04,  9.665265E+01,  1.261932E-07,  1.242216E-11,  5.791710E-08,  3.267075E-13,  2.974009E-07, -6.062219E+01,  1.919084E-01,  5.345639E-01,  3.926610E-07,  9.665265E+01,  6.167485E-10,  5.416119E-14,  1.278112E-10,  6.424272E-16,  1.206705E-09, -6.062219E+01,  1.919084E-01,  5.345639E-01,  3.859935E-11,  9.665265E+01,  2.012043E-13,  1.716809E-17,  1.256410E-14,  6.124464E-20,  3.473590E-13
  1.338776E-01, -6.062219E+01,  1.919084E-01,  5.345639E-01,  1.328186E-02,  9.665265E+01,  5.377095E-06,  8.232324E-10,  4.322322E-06,  3.815158E-11,  1.562113E-05, -6.062219E+01,  1.919084E-01,  5.345639E-01,  2.758699E-04,  9.665265E+01,  1.848100E-07,  1.893114E-11,  8.979531E-08,  5.213308E-13,  4.434542E-07, -6.062219E+01,  1.919084E-01,  5.345639E-01,  7.365141E-07,  9.665265E+01,  1.066007E-09,  9.170624E-14,  2.397355E-10,  1.162037E-15,  2.115623E-09, -6.062219E+01,  1.919084E-01,  5.345639E-01,  8.057301E-11,  9.665265E+01,  3.816784E-13,  3.061096E-17,  2.622653E-14,  1.180890E-19,  6.627298E-13
  1.533853E-01, -6.062219E+01,  1.919084E-01,  5.345639E-01,  1.585032E-02,  9.665265E+01,  6.271128E-06,  1.154517E-09,  5.157965E-06,  5.491999E-11,  1.840483E-05, -6.062219E+01,  1.919084E-01,  5.345639E-01,  5.081131E-04,  9.665265E+01,  3.144113E-07,  3.554131E-11,  1.653896E-07,  1.059029E-12,  7.745069E-07, -6.062219E+01,  1.919084E-01,  5.345639E-01,  2.144228E-06,  9.665265E+01,  2.700961E-09,  2.343990E-13,  6.979464E-10,  3.431160E-15,  5.504290E-09, -6.062219E+01,  1.919084E-01,  5.345639E-01,  3.995721E-10,  9.665265E+01,  1.537094E-12,  1.118169E-16,  1.300608E-13,  5.409380E-19,  2.707776E-12
  1.826469E-01, -6.062219E+01,  1.919084E-01,  5.345639E-01,  1.838802E-02,  9.665265E+01,  7.136052E-06,  1.719959E-09,  5.983531E-06,  8.409755E-11,  2.112559E-05, -6.062219E+01,  1.919084E-01,  5.345639E-01,  1.062308E-03,  9.665265E+01,  5.972425E-07,  8.286847E-11,  3.457757E-07,  2.745232E-12,  1.521493E-06, -6.062219E+01,  1.919084E-01,  5.345639E-01,  1.030674E-05,  9.665265E+01,  1.058591E-08,  1.073277E-12,  3.354845E-09,  1.979163E-14,  2.255784E-08, -6.062219E+01,  1.919084E-01,  5.345639E-01,  9.672338E-09,  9.665265E+01,  2.458810E-11,  2.060318E-15,  3.148348E-12,  1.589451E-17,  4.501276E-11
  2.265393E-01, -6.062219E+01,  1.919084E-01,  5.345639E-01,  2.012516E-02,  9.665265E+01,  7.719087E-06,  2.637358E-09,  6.548622E-06,  1.319946E-10,  2.297419E-05, -6.062219E+01,  1.919084E-01,  5.345639E-01,  2.239472E-03,  9.665265E+01,  1.142719E-06,  2.186920E-10,  7.289222E-07,  8.077053E-12,  3.018263E-06, -6.062219E+01,  1.919084E-01,  5.345639E-01,  6.001047E-05,  9.665265E+01,  4.901964E-08,  6.899949E-12,  1.953340E-08,  1.626754E-13,  1.108163E-07, -6.062219E+01,  1.919084E-01,  5.345639E-01,  4.168629E-07,  9.665265E+01,  6.496908E-10,  7.928615E-14,  1.356889E-10,  1.008446E-15,  1.272865E-09
  2.923778E-01, -6.062219E+01,  1.919084E-01,  5.345639E-01,  2.039732E-02,  9.665265E+01,  7.809823E-06,  4.029470E-09,  6.637151E-06,  2.048044E-10,  2.326491E-05, -6.062219E+01,  1.919084E-01,  5.345639E-01,  4.245894E-03,  9.665265E+01,  1.993636E-06,  5.741145E-10,  1.381945E-06,  2.323896E-11,  5.441370E-06, -6.062219E+01,  1.919084E-01,  5.345639E-01,  2.936172E-04,  9.665265E+01,  1.951114E-07,  4.168584E-11,  9.557201E-08,  1.211276E-12,  4.694349E-07, -6.062219E+01,  1.919084E-01,  5.345639E-01,  1.004270E-05,  9.665265E+01,  1.034958E-08,  1.924519E-12,  3.268900E-09,  3.687474E-14,  2.203811E-08
  3.911356E-01, -6.062219E+01,  1.919084E-01,  5.345639E-01,  1.899757E-02,  9.665265E+01,  7.341417E-06,  5.992004E-09,  6.181820E-06,  3.065096E-10,  2.178215E-05, -6.062219E+01,  1.919084E-01,  5.345639E-01,  6.805215E-03,  9.665265E+01,  3.005281E-06,  1.377689E-09,  2.214856E-06,  5.968585E-11,  8.412727E-06, -6.062219E+01,  1.919084E-01,  5.345639E-01,  1.034725E-03,  9.665265E+01,  5.837276E-07,  1.977797E-10,  3.367975E-07,  6.753839E-12,  1.485423E-06, -6.062219E+01,  1.919084E-01,  5.345639E-01,  1.116734E-04,  9.665265E+01,  8.414511E-08,  2.442638E-11,  3.634964E-08,  6.350826E-13,  1.947252E-07
  4.911356E-01, -6.062219E+01,  1.919084E-01,  5.345639E-01,  1.710404E-02,  9.665265E+01,  6.700519E-06,  7.805319E-09,  5.565834E-06,  3.992136E-10,  1.976309E-05, -6.062219E+01,  1.919084E-01,  5.345639E-01,  8.638183E-03,  9.665265E+01,  3.698283E-06,  2.378878E-09,  2.811339E-06,  1.065255E-10,  1.049016E-05, -6.062219E+01,  1.919084E-01,  5.345639E-01,  2.063272E-03,  9.665265E+01,  1.064086E-06,  4.858820E-10,  6.715730E-07,  1.794403E-11,  2.799609E-06, -6.062219E+01,  1.919084E-01,  5.345639E-01,  3.818863E-04,  9.665265E+01,  2.452422E-07,  9.082977E-11,  1.243033E-07,  2.706398E-12,  5.967500E-07
  5.000000E-01, -6.062219E+01,  1.919084E-01,  5.345639E-01,  1.693395E-02,  9.665265E+01,  6.642511E-06,  7.964663E-09,  5.510501E-06,  4.073494E-10,  1.958100E-05, -6.062219E+01,  1.919084E-01,  5.345639E-01,  8.795431E-03,  9.665265E+01,  3.756785E-06,  2.469030E-09,  2.862509E-06,  1.107531E-10,  1.066684E-05, -6.062219E+01,  1.919084E-01,  5.345639E-01,  2.158448E-03,  9.665265E+01,  1.106664E-06,  5.124423E-10,  7.025508E-07,  1.898173E-11,  2.918170E-06, -6.062219E+01,  1.919084E-01,  5.345639E-01,  4.082522E-04,  9.665265E+01,  2.599085E-07,  9.706803E-11,  1.328853E-07,  2.902684E-12,  6.342643E-07
  5.132966E-01, -6.062219E+01,  1.919084E-01,  5.345639E-01,  1.667468E-02,  9.665265E+01,  6.553941E-06,  8.200484E-09,  5.426153E-06,  4.193659E-10,  1.930319E-05, -6.062219E+01,  1.919084E-01,  5.345639E-01,  9.016541E-03,  9.665265E+01,  3.838817E-06,  2.607209E-09,  2.934460E-06,  1.172538E-10,  1.091492E-05, -6.062219E+01,  1.919084E-01,  5.345639E-01,  2.305102E-03,  9.665265E+01,  1.171799E-06,  5.546273E-10,  7.502832E-07,  2.064402E-11,  3.100091E-06, -6.062219E+01,  1.919084E-01,  5.345639E-01,  4.511741E-04,  9.665265E+01,  2.835255E-07,  1.072757E-10,  1.468562E-07,  3.228067E-12,  6.949140E-07
  5.332415E-01, -6.062219E+01,  1.919084E-01,  5.345639E-01,  1.628193E-02,  9.665265E+01,  6.419433E-06,  8.546937E-09,  5.298382E-06,  4.369654E-10,  1.888178E-05, -6.062219E+01,  1.919084E-01,  5.345639E-01,  9.315131E-03,  9.665265E+01,  3.949181E-06,  2.820432E-09,  3.031622E-06,  1.273276E-10,  1.124931E-05, -6.062219E+01,  1.919084E-01,  5.345639E-01,  2.532235E-03,  9.665265E+01,  1.271631E-06,  6.232951E-10,  8.242093E-07,  2.338311E-11,  3.380148E-06, -6.062219E+01,  1.919084E-01,  5.345639E-01,  5.235643E-04,  9.665265E+01,  3.227130E-07,  1.247033E-10,  1.704188E-07,  3.794451E-12,  7.961560E-07
  5.631588E-01, -6.062219E+01,  1.919084E-01,  5.345639E-01,  1.569627E-02,  9.665265E+01,  6.218069E-06,  9.050274E-09,  5.107848E-06,  4.624135E-10,  1.825208E-05, -6.062219E+01,  1.919084E-01,  5.345639E-01,  9.691636E-03,  9.665265E+01,  4.087691E-06,  3.151472E-09,  3.154137E-06,  1.430484E-10,  1.166999E-05, -6.062219E+01,  1.919084E-01,  5.345639E-01,  2.883561E-03,  9.665265E+01,  1.423806E-06,  7.386207E-10,  9.385559E-07,  2.806170E-11,  3.809698E-06, -6.062219E+01,  1.919084E-01,  5.345639E-01,  6.511365E-04,  9.665265E+01,  3.901282E-07,  1.563054E-10,  2.119428E-07,  4.851027E-12,  9.718991E-07
  6.080348E-01, -6.062219E+01,  1.919084E-01,  5.345639E-01,  1.484765E-02,  9.665265E+01,  5.924544E-06,  9.769547E-09,  4.831759E-06,  4.985183E-10,  1.733677E-05, -6.062219E+01,  1.919084E-01,  5.345639E-01,  1.011246E-02,  9.665265E+01,  4.241683E-06,  3.666705E-09,  3.291073E-06,  1.676521E-10,  1.213909E-05, -6.062219E+01,  1.919084E-01,  5.345639E-01,  3.417542E-03,  9.665265E+01,  1.650607E-06,  9.391579E-10,  1.112349E-06,  3.637888E-11,  4.455306E-06, -6.062219E+01,  1.919084E-01,  5.345639E-01,  8.859824E-04,  9.665265E+01,  5.100027E-07,  2.182730E-10,  2.883833E-07,  7.007469E-12,  1.288547E-06
  6.753487E-01, -6.062219E+01,  1.919084E-01,  5.345639E-01,  1.367079E-02,  9.665265E+01,  5.513826E-06,  1.077346E-08,  4.448865E-06,  5.483747E-10,  1.606148E-05, -6.062219E+01,  1.919084E-01,  5.345639E-01,  1.048286E-02,  9.665265E+01,  4.376532E-06,  4.464043E-09,  3.411598E-06,  2.059060E-10,  1.255143E-05, -6.062219E+01,  1.919084E-01,  5.345639E-01,  4.190681E-03,  9.665265E+01,  1.971062E-06,  1.298342E-09,  1.363975E-06,  5.167609E-11,  5.377284E-06, -6.062219E+01,  1.919084E-01,  5.345639E-01,  1.327235E-03,  9.665265E+01,  7.248983E-07,  3.503857E-10,  4.320058E-07,  1.185294E-11,  1.866705E-06
  7.753487E-01, -6.062219E+01,  1.919084E-01,  5.345639E-01,  1.214556E-02,  9.665265E+01,  4.974573E-06,  1.211855E-08,  3.952608E-06,  6.141594E-10,  1.439741E-05, -6.062219E+01,  1.919084E-01,  5.345639E-01,  1.063401E-02,  9.665265E+01,  4.431381E-06,  5.663186E-09,  3.460780E-06,  2.635462E-10,  1.272087E-05, -6.062219E+01,  1.919084E-01,  5.345639E-01,  5.198142E-03,  9.665265E+01,  2.377390E-06,  1.941868E-09,  1.691854E-06,  7.986169E-11,  6.560675E-06, -6.062219E+01,  1.919084E-01,  5.345639E-01,  2.117830E-03,  9.665265E+01,  1.088523E-06,  6.450778E-10,  6.893304E-07,  2.333828E-11,  2.867860E-06
  8.753487E-01, -6.062219E+01,  1.919084E-01,  5.345639E-01,  1.082656E-02,  9.665265E+01,  4.501109E-06,  1.333519E-08,  3.523434E-06,  6.727824E-10,  1.294682E-05, -6.062219E+01,  1.919084E-01,  5.345639E-01,  1.052045E-02,  9.665265E+01,  4.390182E-06,  6.850957E-09,  3.423829E-06,  3.205619E-10,  1.259708E-05, -6.062219E+01,  1.919084E-01,  5.345639E-01,  6.031888E-03,  9.665265E+01,  2.705870E-06,  2.674225E-09,  1.963190E-06,  1.125646E-10,  7.527675E-06, -6.062219E+01,  1.919084E-01,  5.345639E-01,  2.974964E-03,  9.665265E+01,  1.462991E-06,  1.041117E-09,  9.683051E-07,  3.947078E-11,  3.921246E-06
  9.753487E-01, -6.062219E+01,  1.919084E-01,  5.345639E-01,  9.686882E-03,  9.665265E+01,  4.085947E-06,  1.443920E-08,  3.152590E-06,  7.252168E-10,  1.168364E-05, -6.062219E+01,  1.919084E-01,  5.345639E-01,  1.023842E-02,  9.665265E+01,  4.287609E-06,  8.010738E-09,  3.332057E-06,  3.760398E-10,  1.228624E-05, -6.062219E+01,  1.919084E-01,  5.345639E-01,  6.686273E-03,  9.665265E+01,  2.959530E-06,  3.475137E-09,  2.176149E-06,  1.488115E-10,  8.280260E-06, -6.062219E+01,  1.919084E-01,  5.345639E-01,  3.831046E-03,  9.665265E+01,  1.823051E-06,  1.534583E-09,  1.246929E-06,  6.024390E-11,  4.950800E-06
  1.000000E+00, -6.062219E+01,  1.919084E-01,  5.345639E-01,  9.417147E-03,  9.665265E+01,  3.986782E-06,  1.470471E-08,  3.064818E-06,  7.377814E-10,  1.138320E-05, -6.062219E+01,  1.919084E-01,  5.345639E-01,  1.016008E-02,  9.665265E+01,  4.259055E-06,  8.294720E-09,  3.306568E-06,  3.896105E-10,  1.219974E-05, -6.062219E+01,  1.919084E-01,  5.345639E-01,  6.837009E-03,  9.665265E+01,  3.017492E-06,  3.676433E-09,  2.225203E-06,  1.579480E-10,  8.452881E-06, -6.062219E+01,  1.919084E-01,  5.345639E-01,  4.042188E-03,  9.665265E+01,  1.910157E-06,  1.662038E-09,  1.315647E-06,  6.564686E-11,  5.201972E-06
  1.036977E+00, -6.062219E+01,  1.919084E-01,  5.345639E-01,  9.034353E-03,  9.665265E+01,  3.845414E-06,  1.508881E-08,  2.940256E-06,  7.558597E-10,  1.095582E-05, -6.062219E+01,  1.919084E-01,  5.345639E-01,  1.002637E-02,  9.665265E+01,  4.210248E-06,  8.715776E-09,  3.263058E-06,  4.096974E-10,  1.205187E-05, -6.062219E+01,  1.919084E-01,  5.345639E-01,  7.038802E-03,  9.665265E+01,  3.094828E-06,  3.986101E-09,  2.290872E-06,  1.720566E-10,  8.683620E-06, -6.062219E+01,  1.919084E-01,  5.345639E-01,  4.352734E-03,  9.665265E+01,  2.037209E-06,  1.865931E-09,  1.416716E-06,  7.437369E-11,  5.569692E-06
  1.092442E+00, -6.062219E+01,  1.919084E-01,  5.345639E-01,  8.504863E-03,  9.665265E+01,  3.648574E-06,  1.563533E-08,  2.767955E-06,  7.813823E-10,  1.036256E-05, -6.062219E+01,  1.919084E-01,  5.345639E-01,  9.799327E-03,  9.665265E+01,  4.127179E-06,  9.334820E-09,  3.189179E-06,  4.391424E-10,  1.180030E-05, -6.062219E+01,  1.919084E-01,  5.345639E-01,  7.289829E-03,  9.665265E+01,  3.190632E-06,  4.464946E-09,  2.372562E-06,  1.939730E-10,  8.970158E-06, -6.062219E+01,  1.919084E-01,  5.345639E-01,  4.796954E-03,  9.665265E+01,  2.216934E-06,  2.198736E-09,  1.561289E-06,  8.879920E-11,  6.092482E-06
  1.175640E+00, -6.062219E+01,  1.919084E-01,  5.345639E-01,  7.798078E-03,  9.665265E+01,  3.383310E-06,  1.639522E-08,  2.537957E-06,  8.164726E-10,  9.566612E-06, -6.062219E+01,  1.919084E-01,  5.345639E-01,  9.423396E-03,  9.665265E+01,  3.989083E-06,  1.023214E-08,  3.066852E-06,  4.816082E-10,  1.138265E-05, -6.062219E+01,  1.919084E-01,  5.345639E-01,  7.562656E-03,  9.665265E+01,  3.294271E-06,  5.206455E-09,  2.461346E-06,  2.280743E-10,  9.281162E-06, -6.062219E+01,  1.919084E-01,  5.345639E-01,  5.396985E-03,  9.665265E+01,  2.456316E-06,  2.751799E-09,  1.756567E-06,  1.131422E-10,  6.793310E-06
  1.275640E+00, -6.062219E+01,  1.919084E-01,  5.345639E-01,  7.055916E-03,  9.665265E+01,  3.101373E-06,  1.723206E-08,  2.296441E-06,  8.546184E-10,  8.725356E-06, -6.062219E+01,  1.919084E-01,  5.345639E-01,  8.948672E-03,  9.665265E+01,  3.813666E-06,  1.126297E-08,  2.912375E-06,  5.300683E-10,  1.085339E-05, -6.062219E+01,  1.919084E-01,  5.345639E-01,  7.763365E-03,  9.665265E+01,  3.370204E-06,  6.118114E-09,  2.526661E-06,  2.701448E-10,  9.510062E-06, -6.062219E+01,  1.919084E-01,  5.345639E-01,  6.006406E-03,  9.665265E+01,  2.695922E-06,  3.481316E-09,  1.954897E-06,  1.457020E-10,  7.499653E-06
  1.375640E+00, -6.062219E+01,  1.919084E-01,  5.345639E-01,  6.405070E-03,  9.665265E+01,  2.850942E-06,  1.800094E-08,  2.084636E-06,  8.892289E-10,  7.982482E-06, -6.062219E+01,  1.919084E-01,  5.345639E-01,  8.469669E-03,  9.665265E+01,  3.635435E-06,  1.224536E-08,  2.756503E-06,  5.759236E-10,  1.031726E-05, -6.062219E+01,  1.919084E-01,  5.345639E-01,  7.858205E-03,  9.665265E+01,  3.405994E-06,  7.039300E-09,  2.557523E-06,  3.127233E-10,  9.618898E-06, -6.062219E+01,  1.919084E-01,  5.345639E-01,  6.498693E-03,  9.665265E+01,  2.887163E-06,  4.262487E-09,  2.115104E-06,  1.809266E-10,  8.066788E-06
  1.475640E+00, -6.062219E+01,  1.919084E-01,  5.345639E-01,  5.831829E-03,  9.665265E+01,  2.627622E-06,  1.870921E-08,  1.898083E-06,  9.207256E-10,  7.323761E-06, -6.062219E+01,  1.919084E-01,  5.345639E-01,  7.998168E-03,  9.665265E+01,  3.458712E-06,  1.317971E-08,  2.603070E-06,  6.192152E-10,  9.787373E-06, -6.062219E+01,  1.919084E-01,  5.345639E-01,  7.866394E-03,  9.665265E+01,  3.409082E-06,  7.961156E-09,  2.560188E-06,  3.553398E-10,  9.629700E-06, -6.062219E+01,  1.919084E-01,  5.345639E-01,  6.876222E-03,  9.665265E+01,  3.032543E-06,  5.082883E-09,  2.237964E-06,  2.181932E-10,  8.500005E-06
  1.500000E+00, -6.062219E+01,  1.919084E-01,  5.345639E-01,  5.696926E-03,  9.665265E+01,  2.574660E-06,  1.887824E-08,  1.854180E-06,  9.282196E-10,  7.168084E-06, -6.062219E+01,  1.919084E-01,  5.345639E-01,  7.884089E-03,  9.665265E+01,  3.415753E-06,  1.340447E-08,  2.565947E-06,  6.296099E-10,  9.658839E-06, -6.062219E+01,  1.919084E-01,  5.345639E-01,  7.863529E-03,  9.665265E+01,  3.408002E-06,  8.185637E-09,  2.559256E-06,  3.657170E-10,  9.626836E-06, -6.062219E+01,  1.919084E-01,  5.345639E-01,  6.961521E-03,  9.665265E+01,  3.065245E-06,  5.284879E-09,  2.265722E-06,  2.273837E-10,  8.597676E-06
  1.536540E+00, -6.062219E+01,  1.919084E-01,  5.345639E-01,  5.503772E-03,  9.665265E+01,  2.498545E-06,  1.912424E-08,  1.791320E-06,  9.390772E-10,  6.944727E-06, -6.062219E+01,  1.919084E-01,  5.345639E-01,  7.714682E-03,  9.665265E+01,  3.351809E-06,  1.373527E-08,  2.510818E-06,  6.448653E-10,  9.467717E-06, -6.062219E+01,  1.919084E-01,  5.345639E-01,  7.849160E-03,  9.665265E+01,  3.402583E-06,  8.521801E-09,  2.554580E-06,  3.812534E-10,  9.611149E-06, -6.062219E+01,  1.919084E-01,  5.345639E-01,  7.074504E-03,  9.665265E+01,  3.108481E-06,  5.592131E-09,  2.302490E-06,  2.413926E-10,  8.726985E-06
  1.591349E+00, -6.062219E+01,  1.919084E-01,  5.345639E-01,  5.233022E-03,  9.665265E+01,  2.391263E-06,  1.947728E-08,  1.703206E-06,  9.545574E-10,  6.630696E-06, -6.062219E+01,  1.919084E-01,  5.345639E-01,  7.465430E-03,  9.665265E+01,  3.257394E-06,  1.421740E-08,  2.429707E-06,  6.670057E-10,  9.185965E-06, -6.062219E+01,  1.919084E-01,  5.345639E-01,  7.807625E-03,  9.665265E+01,  3.386913E-06,  9.023671E-09,  2.541064E-06,  4.044326E-10,  9.565007E-06, -6.062219E+01,  1.919084E-01,  5.345639E-01,  7.211928E-03,  9.665265E+01,  3.160948E-06,  6.060751E-09,  2.347211E-06,  2.628126E-10,  8.884227E-06
  1.673564E+00, -6.062219E+01,  1.919084E-01,  5.345639E-01,  4.864600E-03,  9.665265E+01,  2.244107E-06,  1.997400E-08,  1.583304E-06,  9.761321E-10,  6.201498E-06, -6.062219E+01,  1.919084E-01,  5.345639E-01,  7.104646E-03,  9.665265E+01,  3.120000E-06,  1.490990E-08,  2.312299E-06,  6.986037E-10,  8.776937E-06, -6.062219E+01,  1.919084E-01,  5.345639E-01,  7.708279E-03,  9.665265E+01,  3.349389E-06,  9.768010E-09,  2.508735E-06,  4.387542E-10,  9.453806E-06, -6.062219E+01,  1.919084E-01,  5.345639E-01,  7.352388E-03,  9.665265E+01,  3.214440E-06,  6.775486E-09,  2.392920E-06,  2.955649E-10,  9.045119E-06
  1.773564E+00, -6.062219E+01,  1.919084E-01,  5.345639E-01,  4.464854E-03,  9.665265E+01,  2.082787E-06,  2.053438E-08,  1.453206E-06,  1.000202E-09,  5.733154E-06, -6.062219E+01,  1.919084E-01,  5.345639E-01,  6.687376E-03,  9.665265E+01,  2.959955E-06,  1.570872E-08,  2.176508E-06,  7.347686E-10,  8.302011E-06, -6.062219E+01,  1.919084E-01,  5.345639E-01,  7.544701E-03,  9.665265E+01,  3.287465E-06,  1.065644E-08,  2.455503E-06,  4.796073E-10,  9.269919E-06, -6.062219E+01,  1.919084E-01,  5.345639E-01,  7.438483E-03,  9.665265E+01,  3.247163E-06,  7.653544E-09,  2.420938E-06,  3.358635E-10,  9.144367E-06
  1.873564E+00, -6.062219E+01,  1.919084E-01,  5.345639E-01,  4.107197E-03,  9.665265E+01,  1.936856E-06,  2.105514E-08,  1.336805E-06,  1.022329E-09,  5.311554E-06, -6.062219E+01,  1.919084E-01,  5.345639E-01,  6.292627E-03,  9.665265E+01,  2.807349E-06,  1.646607E-08,  2.048044E-06,  7.687873E-10,  7.850768E-06, -6.062219E+01,  1.919084E-01,  5.345639E-01,  7.348528E-03,  9.665265E+01,  3.212972E-06,  1.152454E-08,  2.391664E-06,  5.193905E-10,  9.048683E-06, -6.062219E+01,  1.919084E-01,  5.345639E-01,  7.452182E-03,  9.665265E+01,  3.252365E-06,  8.532853E-09,  2.425396E-06,  3.762303E-10,  9.161389E-06
  1.973564E+00, -6.062219E+01,  1.919084E-01,  5.345639E-01,  3.786122E-03,  9.665265E+01,  1.804438E-06,  2.153995E-08,  1.232308E-06,  1.042711E-09,  4.930806E-06, -6.062219E+01,  1.919084E-01,  5.345639E-01,  5.920387E-03,  9.665265E+01,  2.662301E-06,  1.718401E-08,  1.926903E-06,  8.007822E-10,  7.423399E-06, -6.062219E+01,  1.919084E-01,  5.345639E-01,  7.128168E-03,  9.665265E+01,  3.128984E-06,  1.236974E-08,  2.319954E-06,  5.579727E-10,  8.799450E-06, -6.062219E+01,  1.919084E-01,  5.345639E-01,  7.405239E-03,  9.665265E+01,  3.234533E-06,  9.407174E-09,  2.410119E-06,  4.163365E-10,  9.109555E-06
  2.000000E+00, -6.062219E+01,  1.919084E-01,  5.345639E-01,  3.703872E-03,  9.665265E+01,  1.770286E-06,  2.166567E-08,  1.205539E-06,  1.047981E-09,  4.832896E-06, -6.062219E+01,  1.919084E-01,  5.345639E-01,  5.823704E-03,  9.665265E+01,  2.624436E-06,  1.737108E-08,  1.895439E-06,  8.091015E-10,  7.312086E-06, -6.062219E+01,  1.919084E-01,  5.345639E-01,  7.068427E-03,  9.665265E+01,  3.106157E-06,  1.259153E-08,  2.300513E-06,  5.680862E-10,  8.731776E-06, -6.062219E+01,  1.919084E-01,  5.345639E-01,  7.388813E-03,  9.665265E+01,  3.228290E-06,  9.637852E-09,  2.404774E-06,  4.269151E-10,  9.091285E-06
  2.039654E+00, -6.062219E+01,  1.919084E-01,  5.345639E-01,  3.585647E-03,  9.665265E+01,  1.721022E-06,  2.184894E-08,  1.167061E-06,  1.055631E-09,  4.691884E-06, -6.062219E+01,  1.919084E-01,  5.345639E-01,  5.682132E-03,  9.665265E+01,  2.568842E-06,  1.764570E-08,  1.849366E-06,  8.212752E-10,  7.148852E-06, -6.062219E+01,  1.919084E-01,  5.345639E-01,  6.975807E-03,  9.665265E+01,  3.070717E-06,  1.292039E-08,  2.270371E-06,  5.830565E-10,  8.626749E-06, -6.062219E+01,  1.919084E-01,  5.345639E-01,  7.355831E-03,  9.665265E+01,  3.215750E-06,  9.982499E-09,  2.394041E-06,  4.427110E-10,  9.054396E-06
  2.099135E+00, -6.062219E+01,  1.919084E-01,  5.345639E-01,  3.419006E-03,  9.665265E+01,  1.651222E-06,  2.211257E-08,  1.112826E-06,  1.066568E-09,  4.492544E-06, -6.062219E+01,  1.919084E-01,  5.345639E-01,  5.477408E-03,  9.665265E+01,  2.488129E-06,  1.804459E-08,  1.782740E-06,  8.388736E-10,  6.912285E-06, -6.062219E+01,  1.919084E-01,  5.345639E-01,  6.831452E-03,  9.665265E+01,  3.015358E-06,  1.340471E-08,  2.223394E-06,  6.050442E-10,  8.462810E-06, -6.062219E+01,  1.919084E-01,  5.345639E-01,  7.289803E-03,  9.665265E+01,  3.190622E-06,  1.049537E-08,  2.372554E-06,  4.661898E-10,  8.980212E-06
  2.188357E+00, -6.062219E+01,  1.919084E-01,  5.345639E-01,  3.190488E-03,  9.665265E+01,  1.554778E-06,  2.248464E-08,  1.038451E-06,  1.081866E-09,  4.218021E-06, -6.062219E+01,  1.919084E-01,  5.345639E-01,  5.186895E-03,  9.665265E+01,  2.372915E-06,  1.861499E-08,  1.688194E-06,  8.638620E-10,  6.575486E-06, -6.062219E+01,  1.919084E-01,  5.345639E-01,  6.606528E-03,  9.665265E+01,  2.928798E-06,  1.411016E-08,  2.150197E-06,  6.369331E-10,  8.206794E-06, -6.062219E+01,  1.919084E-01,  5.345639E-01,  7.160208E-03,  9.665265E+01,  3.141217E-06,  1.125260E-08,  2.330380E-06,  5.007763E-10,  8.834053E-06
  2.288357E+00, -6.062219E+01,  1.919084E-01,  5.345639E-01,  2.958257E-03,  9.665265E+01,  1.455841E-06,  2.287480E-08,  9.628672E-07,  1.097749E-09,  3.937549E-06, -6.062219E+01,  1.919084E-01,  5.345639E-01,  4.881260E-03,  9.665265E+01,  2.250792E-06,  1.922111E-08,  1.588726E-06,  8.902072E-10,  6.219683E-06, -6.062219E+01,  1.919084E-01,  5.345639E-01,  6.348373E-03,  9.665265E+01,  2.828974E-06,  1.487366E-08,  2.066185E-06,  6.712688E-10,  7.912103E-06, -6.062219E+01,  1.919084E-01,  5.345639E-01,  6.984851E-03,  9.665265E+01,  3.074180E-06,  1.208301E-08,  2.273315E-06,  5.385841E-10,  8.635655E-06
  2.388357E+00, -6.062219E+01,  1.919084E-01,  5.345639E-01,  2.747190E-03,  9.665265E+01,  1.365041E-06,  2.324031E-08,  8.941713E-07,  1.112485E-09,  3.681227E-06, -6.062219E+01,  1.919084E-01,  5.345639E-01,  4.594573E-03,  9.665265E+01,  2.135335E-06,  1.979585E-08,  1.495424E-06,  9.149937E-10,  5.884473E-06, -6.062219E+01,  1.919084E-01,  5.345639E-01,  6.087772E-03,  9.665265E+01,  2.727668E-06,  1.560958E-08,  1.981377E-06,  7.041862E-10,  7.613688E-06, -6.062219E+01,  1.919084E-01,  5.345639E-01,  6.786527E-03,  9.665265E+01,  2.998099E-06,  1.289267E-08,  2.208774E-06,  5.753107E-10,  8.410625E-06
  2.488357E+00, -6.062219E+01,  1.919084E-01,  5.345639E-01,  2.554876E-03,  9.665265E+01,  1.281517E-06,  2.358313E-08,  8.315782E-07,  1.126175E-09,  3.446404E-06, -6.062219E+01,  1.919084E-01,  5.345639E-01,  4.325723E-03,  9.665265E+01,  2.026207E-06,  2.034094E-08,  1.407926E-06,  9.383184E-10,  5.568739E-06, -6.062219E+01,  1.919084E-01,  5.345639E-01,  5.827590E-03,  9.665265E+01,  2.625960E-06,  1.631784E-08,  1.896704E-06,  7.356875E-10,  7.314788E-06, -6.062219E+01,  1.919084E-01,  5.345639E-01,  6.571298E-03,  9.665265E+01,  2.915205E-06,  1.367974E-08,  2.138732E-06,  6.108646E-10,  8.165727E-06
  2.500000E+00, -6.062219E+01,  1.919084E-01,  5.345639E-01,  2.532788E-03,  9.665265E+01,  1.271873E-06,  2.362274E-08,  8.243893E-07,  1.127755E-09,  3.419351E-06, -6.062219E+01,  1.919084E-01,  5.345639E-01,  4.294722E-03,  9.665265E+01,  2.013567E-06,  2.040401E-08,  1.397836E-06,  9.410143E-10,  5.532241E-06, -6.062219E+01,  1.919084E-01,  5.345639E-01,  5.797351E-03,  9.665265E+01,  2.614101E-06,  1.639992E-08,  1.886863E-06,  7.393360E-10,  7.279987E-06, -6.062219E+01,  1.919084E-01,  5.345639E-01,  6.546047E-03,  9.665265E+01,  2.905457E-06,  1.377106E-08,  2.130515E-06,  6.149880E-10,  8.136956E-06
  2.517464E+00, -6.062219E+01,  1.919084E-01,  5.345639E-01,  2.500198E-03,  9.665265E+01,  1.257623E-06,  2.368147E-08,  8.137821E-07,  1.130094E-09,  3.379403E-06, -6.062219E+01,  1.919084E-01,  5.345639E-01,  4.248745E-03,  9.665265E+01,  1.994800E-06,  2.049771E-08,  1.382873E-06,  9.450147E-10,  5.478078E-06, -6.062219E+01,  1.919084E-01,  5.345639E-01,  5.752026E-03,  9.665265E+01,  2.596311E-06,  1.652220E-08,  1.872112E-06,  7.447656E-10,  7.227799E-06, -6.062219E+01,  1.919084E-01,  5.345639E-01,  6.507708E-03,  9.665265E+01,  2.890647E-06,  1.390735E-08,  2.118038E-06,  6.211367E-10,  8.093252E-06
  2.543660E+00, -6.062219E+01,  1.919084E-01,  5.345639E-01,  2.452494E-03,  9.665265E+01,  1.236721E-06,  2.376809E-08,  7.982558E-07,  1.133535E-09,  3.320859E-06, -6.062219E+01,  1.919084E-01,  5.345639E-01,  4.180944E-03,  9.665265E+01,  1.967077E-06,  2.063630E-08,  1.360806E-06,  9.509186E-10,  5.398124E-06, -6.062219E+01,  1.919084E-01,  5.345639E-01,  5.684159E-03,  9.665265E+01,  2.569640E-06,  1.670372E-08,  1.850025E-06,  7.528132E-10,  7.149597E-06, -6.062219E+01,  1.919084E-01,  5.345639E-01,  6.449253E-03,  9.665265E+01,  2.868044E-06,  1.411016E-08,  2.099015E-06,  6.302762E-10,  8.026576E-06
  2.582954E+00, -6.062219E+01,  1.919084E-01,  5.345639E-01,  2.383476E-03,  9.665265E+01,  1.206385E-06,  2.389478E-08,  7.757920E-07,  1.138549E-09,  3.236005E-06, -6.062219E+01,  1.919084E-01,  5.345639E-01,  4.081794E-03,  9.665265E+01,  1.926429E-06,  2.083983E-08,  1.328537E-06,  9.595626E-10,  5.281035E-06, -6.062219E+01,  1.919084E-01,  5.345639E-01,  5.582763E-03,  9.665265E+01,  2.529714E-06,  1.697173E-08,  1.817027E-06,  7.646678E-10,  7.032629E-06, -6.062219E+01,  1.919084E-01,  5.345639E-01,  6.359751E-03,  9.665265E+01,  2.833385E-06,  1.441067E-08,  2.069888E-06,  6.437940E-10,  7.924385E-06
  2.641895E+00, -6.062219E+01,  1.919084E-01,  5.345639E-01,  2.285280E-03,  9.665265E+01,  1.163027E-06,  2.407787E-08,  7.438318E-07,  1.145754E-09,  3.114962E-06, -6.062219E+01,  1.919084E-01,  5.345639E-01,  3.938604E-03,  9.665265E+01,  1.867499E-06,  2.113569E-08,  1.281935E-06,  9.720698E-10,  5.111567E-06, -6.062219E+01,  1.919084E-01,  5.345639E-01,  5.431975E-03,  9.665265E+01,  2.470165E-06,  1.736420E-08,  1.767954E-06,  7.819662E-10,  6.858387E-06, -6.062219E+01,  1.919084E-01,  5.345639E-01,  6.222324E-03,  9.665265E+01,  2.780042E-06,  1.485287E-08,  2.025165E-06,  6.636295E-10,  7.767239E-06
  2.730307E+00, -6.062219E+01,  1.919084E-01,  5.345639E-01,  2.148864E-03,  9.665265E+01,  1.102388E-06,  2.433795E-08,  6.994315E-07,  1.155907E-09,  2.946155E-06, -6.062219E+01,  1.919084E-01,  5.345639E-01,  3.735578E-03,  9.665265E+01,  1.783462E-06,  2.155930E-08,  1.215858E-06,  9.898545E-10,  4.870507E-06, -6.062219E+01,  1.919084E-01,  5.345639E-01,  5.209795E-03,  9.665265E+01,  2.382026E-06,  1.793171E-08,  1.695647E-06,  8.068450E-10,  6.600989E-06, -6.062219E+01,  1.919084E-01,  5.345639E-01,  6.011683E-03,  9.665265E+01,  2.697983E-06,  1.549643E-08,  1.956614E-06,  6.923689E-10,  7.525830E-06
  2.830307E+00, -6.062219E+01,  1.919084E-01,  5.345639E-01,  2.007130E-03,  9.665265E+01,  1.038851E-06,  2.461486E-08,  6.533000E-07,  1.166621E-09,  2.769911E-06, -6.062219E+01,  1.919084E-01,  5.345639E-01,  3.520132E-03,  9.665265E+01,  1.693631E-06,  2.201402E-08,  1.145739E-06,  1.008799E-09,  4.613645E-06, -6.062219E+01,  1.919084E-01,  5.345639E-01,  4.964889E-03,  9.665265E+01,  2.284304E-06,  1.854702E-08,  1.615943E-06,  8.336523E-10,  6.316320E-06, -6.062219E+01,  1.919084E-01,  5.345639E-01,  5.770898E-03,  9.665265E+01,  2.603721E-06,  1.619868E-08,  1.878254E-06,  7.235646E-10,  7.249070E-06
  2.930307E+00, -6.062219E+01,  1.919084E-01,  5.345639E-01,  1.876722E-03,  9.665265E+01,  9.798747E-07,  2.487576E-08,  6.108548E-07,  1.176625E-09,  2.606919E-06, -6.062219E+01,  1.919084E-01,  5.345639E-01,  3.318007E-03,  9.665265E+01,  1.608703E-06,  2.244565E-08,  1.079954E-06,  1.026644E-09,  4.371613E-06, -6.062219E+01,  1.919084E-01,  5.345639E-01,  4.727312E-03,  9.665265E+01,  2.188906E-06,  1.913640E-08,  1.538624E-06,  8.591672E-10,  6.039178E-06, -6.062219E+01,  1.919084E-01,  5.345639E-01,  5.530193E-03,  9.665265E+01,  2.508977E-06,  1.687514E-08,  1.799918E-06,  7.534502E-10,  6.971523E-06
  3.000000E+00, -6.062219E+01,  1.919084E-01,  5.345639E-01,  1.791000E-03,  9.665265E+01,  9.408186E-07,  2.505019E-08,  5.829541E-07,  1.183273E-09,  2.499314E-06, -6.062219E+01,  1.919084E-01,  5.345639E-01,  3.183390E-03,  9.665265E+01,  1.551768E-06,  2.273569E-08,  1.036141E-06,  1.038571E-09,  4.209816E-06, -6.062219E+01,  1.919084E-01,  5.345639E-01,  4.565618E-03,  9.665265E+01,  2.123622E-06,  1.953478E-08,  1.486000E-06,  8.763363E-10,  5.849973E-06, -6.062219E+01,  1.919084E-01,  5.345639E-01,  5.363303E-03,  9.665265E+01,  2.442973E-06,  1.733408E-08,  1.745605E-06,  7.736455E-10,  6.778562E-06
  3.100000E+00, -6.062219E+01,  1.919084E-01,  5.345639E-01,  1.677397E-03,  9.665265E+01,  8.886807E-07,  2.528630E-08,  5.459782E-07,  1.192194E-09,  2.356101E-06, -6.062219E+01,  1.919084E-01,  5.345639E-01,  3.001978E-03,  9.665265E+01,  1.474542E-06,  2.313087E-08,  9.770971E-07,  1.054698E-09,  3.990970E-06, -6.062219E+01,  1.919084E-01,  5.345639E-01,  4.341774E-03,  9.665265E+01,  2.032746E-06,  2.008169E-08,  1.413150E-06,  8.997538E-10,  5.587223E-06, -6.062219E+01,  1.919084E-01,  5.345639E-01,  5.127091E-03,  9.665265E+01,  2.349094E-06,  1.796705E-08,  1.668731E-06,  8.013375E-10,  6.504673E-06
  3.200000E+00, -6.062219E+01,  1.919084E-01,  5.345639E-01,  1.572378E-03,  9.665265E+01,  8.400731E-07,  2.550922E-08,  5.117962E-07,  1.200543E-09,  2.223052E-06, -6.062219E+01,  1.919084E-01,  5.345639E-01,  2.831661E-03,  9.665265E+01,  1.401485E-06,  2.350620E-08,  9.216641E-07,  1.069898E-09,  3.784615E-06, -6.062219E+01,  1.919084E-01,  5.345639E-01,  4.126526E-03,  9.665265E+01,  1.944783E-06,  2.060468E-08,  1.343096E-06,  9.220005E-10,  5.333618E-06, -6.062219E+01,  1.919084E-01,  5.345639E-01,  4.895616E-03,  9.665265E+01,  2.256550E-06,  1.857485E-08,  1.593398E-06,  8.277700E-10,  6.235364E-06
  3.300000E+00, -6.062219E+01,  1.919084E-01,  5.345639E-01,  1.475145E-03,  9.665265E+01,  7.946919E-07,  2.571980E-08,  4.801485E-07,  1.208365E-09,  2.099259E-06, -6.062219E+01,  1.919084E-01,  5.345639E-01,  2.671715E-03,  9.665265E+01,  1.332355E-06,  2.386273E-08,  8.696062E-07,  1.084229E-09,  3.589982E-06, -6.062219E+01,  1.919084E-01,  5.345639E-01,  3.920031E-03,  9.665265E+01,  1.859835E-06,  2.110458E-08,  1.275890E-06,  9.431238E-10,  5.089410E-06, -6.062219E+01,  1.919084E-01,  5.345639E-01,  4.669933E-03,  9.665265E+01,  2.165773E-06,  1.915795E-08,  1.519950E-06,  8.529745E-10,  5.971885E-06
  3.400000E+00, -6.062219E+01,  1.919084E-01,  5.345639E-01,  1.384990E-03,  9.665265E+01,  7.522658E-07,  2.591886E-08,  4.508046E-07,  1.215696E-09,  1.983918E-06, -6.062219E+01,  1.919084E-01,  5.345639E-01,  2.521465E-03,  9.665265E+01,  1.266924E-06,  2.420149E-08,  8.207040E-07,  1.097743E-09,  3.406354E-06, -6.062219E+01,  1.919084E-01,  5.345639E-01,  3.722338E-03,  9.665265E+01,  1.777962E-06,  2.158221E-08,  1.211549E-06,  9.631718E-10,  4.854718E-06, -6.062219E+01,  1.919084E-01,  5.345639E-01,  4.450834E-03,  9.665265E+01,  2.077096E-06,  1.971694E-08,  1.448643E-06,  8.769870E-10,  5.715188E-06
  3.500000E+00, -6.062219E+01,  1.919084E-01,  5.345639E-01,  1.301286E-03,  9.665265E+01,  7.125525E-07,  2.610713E-08,  4.235599E-07,  1.222572E-09,  1.876309E-06, -6.062219E+01,  1.919084E-01,  5.345639E-01,  2.380283E-03,  9.665265E+01,  1.204979E-06,  2.452341E-08,  7.747529E-07,  1.110489E-09,  3.233060E-06, -6.062219E+01,  1.919084E-01,  5.345639E-01,  3.533400E-03,  9.665265E+01,  1.699184E-06,  2.203843E-08,  1.150057E-06,  9.821921E-10,  4.629557E-06, -6.062219E+01,  1.919084E-01,  5.345639E-01,  4.238889E-03,  9.665265E+01,  1.990774E-06,  2.025245E-08,  1.379665E-06,  8.998465E-10,  5.465983E-06
  3.600000E+00, -6.062219E+01,  1.919084E-01,  5.345639E-01,  1.223470E-03,  9.665265E+01,  6.753345E-07,  2.628529E-08,  3.982320E-07,  1.229024E-09,  1.775791E-06, -6.062219E+01,  1.919084E-01,  5.345639E-01,  2.247584E-03,  9.665265E+01,  1.146319E-06,  2.482939E-08,  7.315625E-07,  1.122513E-09,  3.069474E-06, -6.062219E+01,  1.919084E-01,  5.345639E-01,  3.353101E-03,  9.665265E+01,  1.623496E-06,  2.247407E-08,  1.091376E-06,  1.000232E-09,  4.413857E-06, -6.062219E+01,  1.919084E-01,  5.345639E-01,  4.034491E-03,  9.665265E+01,  1.906992E-06,  2.076518E-08,  1.313142E-06,  9.215939E-10,  5.224777E-06
  3.700000E+00, -6.062219E+01,  1.919084E-01,  5.345639E-01,  1.151044E-03,  9.665265E+01,  6.404165E-07,  2.645396E-08,  3.746580E-07,  1.235084E-09,  1.681786E-06, -6.062219E+01,  1.919084E-01,  5.345639E-01,  2.122823E-03,  9.665265E+01,  1.090756E-06,  2.512027E-08,  6.909555E-07,  1.133859E-09,  2.915007E-06, -6.062219E+01,  1.919084E-01,  5.345639E-01,  3.181267E-03,  9.665265E+01,  1.550868E-06,  2.288996E-08,  1.035450E-06,  1.017337E-09,  4.207482E-06, -6.062219E+01,  1.919084E-01,  5.345639E-01,  3.837883E-03,  9.665265E+01,  1.825881E-06,  2.125585E-08,  1.249154E-06,  9.422718E-10,  4.991910E-06
  3.800000E+00, -6.062219E+01,  1.919084E-01,  5.345639E-01,  1.083557E-03,  9.665265E+01,  6.076224E-07,  2.661372E-08,  3.526919E-07,  1.240776E-09,  1.593779E-06, -6.062219E+01,  1.919084E-01,  5.345639E-01,  2.005491E-03,  9.665265E+01,  1.038113E-06,  2.539684E-08,  6.527667E-07,  1.144567E-09,  2.769113E-06, -6.062219E+01,  1.919084E-01,  5.345639E-01,  3.017683E-03,  9.665265E+01,  1.481251E-06,  2.328693E-08,  9.822087E-07,  1.033552E-09,  4.010245E-06, -6.062219E+01,  1.919084E-01,  5.345639E-01,  3.649191E-03,  9.665265E+01,  1.747526E-06,  2.172521E-08,  1.187743E-06,  9.619233E-10,  4.767587E-06
  3.900000E+00, -6.062219E+01,  1.919084E-01,  5.345639E-01,  1.020608E-03,  9.665265E+01,  5.767929E-07,  2.676510E-08,  3.322026E-07,  1.246125E-09,  1.511301E-06, -6.062219E+01,  1.919084E-01,  5.345639E-01,  1.895117E-03,  9.665265E+01,  9.882254E-07,  2.565985E-08,  6.168421E-07,  1.154674E-09,  2.631277E-06, -6.062219E+01,  1.919084E-01,  5.345639E-01,  2.862104E-03,  9.665265E+01,  1.414585E-06,  2.366577E-08,  9.315723E-07,  1.048921E-09,  3.821916E-06, -6.062219E+01,  1.919084E-01,  5.345639E-01,  3.468443E-03,  9.665265E+01,  1.671975E-06,  2.217404E-08,  1.128916E-06,  9.805914E-10,  4.551900E-06
  4.000000E+00, -6.062219E+01,  1.919084E-01,  5.345639E-01,  9.618333E-04,  9.665265E+01,  5.477841E-07,  2.690860E-08,  3.130720E-07,  1.251156E-09,  1.433932E-06, -6.062219E+01,  1.919084E-01,  5.345639E-01,  1.791259E-03,  9.665265E+01,  9.409369E-07,  2.591001E-08,  5.830384E-07,  1.164217E-09,  2.501020E-06, -6.062219E+01,  1.919084E-01,  5.345639E-01,  2.714259E-03,  9.665265E+01,  1.350794E-06,  2.402727E-08,  8.834530E-07,  1.063485E-09,  3.642240E-06, -6.062219E+01,  1.919084E-01,  5.345639E-01,  3.295590E-03,  9.665265E+01,  1.599243E-06,  2.260308E-08,  1.072658E-06,  9.983193E-10,  4.344852E-06
  4.100000E+00, -6.062219E+01,  1.919084E-01,  5.345639E-01,  9.069057E-04,  9.665265E+01,  5.204652E-07,  2.704468E-08,  2.951936E-07,  1.255887E-09,  1.361291E-06, -6.062219E+01,  1.919084E-01,  5.345639E-01,  1.693507E-03,  9.665265E+01,  8.961017E-07,  2.614798E-08,  5.512218E-07,  1.173228E-09,  2.377894E-06, -6.062219E+01,  1.919084E-01,  5.345639E-01,  2.573863E-03,  9.665265E+01,  1.289799E-06,  2.437219E-08,  8.377581E-07,  1.077286E-09,  3.470937E-06, -6.062219E+01,  1.919084E-01,  5.345639E-01,  3.130523E-03,  9.665265E+01,  1.529323E-06,  2.301312E-08,  1.018934E-06,  1.015149E-09,  4.146375E-06
  4.200000E+00, -6.062219E+01,  1.919084E-01,  5.345639E-01,  8.555290E-04,  9.665265E+01,  4.947170E-07,  2.717376E-08,  2.784710E-07,  1.260339E-09,  1.293031E-06, -6.062219E+01,  1.919084E-01,  5.345639E-01,  1.601477E-03,  9.665265E+01,  8.535828E-07,  2.637440E-08,  5.212676E-07,  1.181738E-09,  2.261477E-06, -6.062219E+01,  1.919084E-01,  5.345639E-01,  2.440622E-03,  9.665265E+01,  1.231511E-06,  2.470127E-08,  7.943918E-07,  1.090363E-09,  3.307715E-06, -6.062219E+01,  1.919084E-01,  5.345639E-01,  2.973084E-03,  9.665265E+01,  1.462187E-06,  2.340490E-08,  9.676929E-07,  1.031123E-09,  3.956341E-06
  4.300000E+00, -6.062219E+01,  1.919084E-01,  5.345639E-01,  8.074346E-04,  9.665265E+01,  4.704311E-07,  2.729624E-08,  2.628167E-07,  1.264530E-09,  1.228837E-06, -6.062219E+01,  1.919084E-01,  5.345639E-01,  1.514812E-03,  9.665265E+01,  8.132510E-07,  2.658985E-08,  4.930594E-07,  1.189778E-09,  2.151375E-06, -6.062219E+01,  1.919084E-01,  5.345639E-01,  2.314238E-03,  9.665265E+01,  1.175838E-06,  2.501521E-08,  7.532569E-07,  1.102751E-09,  3.152270E-06, -6.062219E+01,  1.919084E-01,  5.345639E-01,  2.823079E-03,  9.665265E+01,  1.397789E-06,  2.377918E-08,  9.188711E-07,  1.046280E-09,  3.774582E-06
  4.400000E+00, -6.062219E+01,  1.919084E-01,  5.345639E-01,  7.623785E-04,  9.665265E+01,  4.475083E-07,  2.741249E-08,  2.481513E-07,  1.268475E-09,  1.168423E-06, -6.062219E+01,  1.919084E-01,  5.345639E-01,  1.433177E-03,  9.665265E+01,  7.749854E-07,  2.679491E-08,  4.664887E-07,  1.197373E-09,  2.047221E-06, -6.062219E+01,  1.919084E-01,  5.345639E-01,  2.194410E-03,  9.665265E+01,  1.122688E-06,  2.531470E-08,  7.142557E-07,  1.114489E-09,  3.004297E-06, -6.062219E+01,  1.919084E-01,  5.345639E-01,  2.680290E-03,  9.665265E+01,  1.336075E-06,  2.413667E-08,  8.723973E-07,  1.060661E-09,  3.600892E-06
  4.500000E+00, -6.062219E+01,  1.919084E-01,  5.345639E-01,  7.201384E-04,  9.665265E+01,  4.258577E-07,  2.752285E-08,  2.344025E-07,  1.272191E-09,  1.111526E-06, -6.062219E+01,  1.919084E-01,  5.345639E-01,  1.356262E-03,  9.665265E+01,  7.386720E-07,  2.699009E-08,  4.414540E-07,  1.204550E-09,  1.948669E-06, -6.062219E+01,  1.919084E-01,  5.345639E-01,  2.080841E-03,  9.665265E+01,  1.071965E-06,  2.560040E-08,  6.772914E-07,  1.125608E-09,  2.863486E-06, -6.062219E+01,  1.919084E-01,  5.345639E-01,  2.544476E-03,  9.665265E+01,  1.276977E-06,  2.447810E-08,  8.281934E-07,  1.074303E-09,  3.435042E-06
  4.600000E+00, -6.062219E+01,  1.919084E-01,  5.345639E-01,  6.805116E-04,  9.665265E+01,  4.053960E-07,  2.762766E-08,  2.215042E-07,  1.275692E-09,  1.057905E-06, -6.062219E+01,  1.919084E-01,  5.345639E-01,  1.283776E-03,  9.665265E+01,  7.042035E-07,  2.717590E-08,  4.178606E-07,  1.211332E-09,  1.855394E-06, -6.062219E+01,  1.919084E-01,  5.345639E-01,  1.973237E-03,  9.665265E+01,  1.023572E-06,  2.587295E-08,  6.422684E-07,  1.136142E-09,  2.729533E-06, -6.062219E+01,  1.919084E-01,  5.345639E-01,  2.415384E-03,  9.665265E+01,  1.220424E-06,  2.480416E-08,  7.861773E-07,  1.087243E-09,  3.276783E-06
  4.700000E+00, -6.062219E+01,  1.919084E-01,  5.345639E-01,  6.433125E-04,  9.665265E+01,  3.860466E-07,  2.772721E-08,  2.093962E-07,  1.278990E-09,  1.007342E-06, -6.062219E+01,  1.919084E-01,  5.345639E-01,  1.215446E-03,  9.665265E+01,  6.714792E-07,  2.735283E-08,  3.956200E-07,  1.217743E-09,  1.767092E-06, -6.062219E+01,  1.919084E-01,  5.345639E-01,  1.871310E-03,  9.665265E+01,  9.774160E-07,  2.613295E-08,  6.090935E-07,  1.146122E-09,  2.602134E-06, -6.062219E+01,  1.919084E-01,  5.345639E-01,  2.292753E-03,  9.665265E+01,  1.166335E-06,  2.511550E-08,  7.462638E-07,  1.099516E-09,  3.125852E-06
  4.800000E+00, -6.062219E+01,  1.919084E-01,  5.345639E-01,  6.083714E-04,  9.665265E+01,  3.677388E-07,  2.782178E-08,  1.980231E-07,  1.282098E-09,  9.596338E-07, -6.062219E+01,  1.919084E-01,  5.345639E-01,  1.151018E-03,  9.665265E+01,  6.404041E-07,  2.752130E-08,  3.746497E-07,  1.223804E-09,  1.683478E-06, -6.062219E+01,  1.919084E-01,  5.345639E-01,  1.774782E-03,  9.665265E+01,  9.334023E-07,  2.638098E-08,  5.776755E-07,  1.155576E-09,  2.480994E-06, -6.062219E+01,  1.919084E-01,  5.345639E-01,  2.176317E-03,  9.665265E+01,  1.114630E-06,  2.541279E-08,  7.083667E-07,  1.111155E-09,  2.981982E-06
  4.900000E+00, -6.062219E+01,  1.919084E-01,  5.345639E-01,  5.755326E-04,  9.665265E+01,  3.504075E-07,  2.791164E-08,  1.873342E-07,  1.285027E-09,  9.145941E-07, -6.062219E+01,  1.919084E-01,  5.345639E-01,  1.090255E-03,  9.665265E+01,  6.108888E-07,  2.768175E-08,  3.548721E-07,  1.229534E-09,  1.604285E-06, -6.062219E+01,  1.919084E-01,  5.345639E-01,  1.683383E-03,  9.665265E+01,  8.914391E-07,  2.661760E-08,  5.479265E-07,  1.164534E-09,  2.365825E-06, -6.062219E+01,  1.919084E-01,  5.345639E-01,  2.065811E-03,  9.665265E+01,  1.065225E-06,  2.569665E-08,  6.723993E-07,  1.122194E-09,  2.844897E-06
  5.000000E+00, -6.062219E+01,  1.919084E-01,  5.345639E-01,  5.446528E-04,  9.665265E+01,  3.339926E-07,  2.799704E-08,  1.772830E-07,  1.287789E-09,  8.720514E-07, -6.062219E+01,  1.919084E-01,  5.345639E-01,  1.032935E-03,  9.665265E+01,  5.828492E-07,  2.783458E-08,  3.362150E-07,  1.234952E-09,  1.529261E-06, -6.062219E+01,  1.919084E-01,  5.345639E-01,  1.596850E-03,  9.665265E+01,  8.514366E-07,  2.684336E-08,  5.197614E-07,  1.173020E-09,  2.256345E-06, -6.062219E+01,  1.919084E-01,  5.345639E-01,  1.960969E-03,  9.665265E+01,  1.018034E-06,  2.596768E-08,  6.382756E-07,  1.132662E-09,  2.714325E-06
  5.000000E+00, -6.062219E+01,  1.919084E-01,  5.345639E-01,  5.446528E-04,  9.665265E+01,  3.339926E-07,  2.799704E-08,  1.772830E-07,  1.287789E-09,  8.720514E-07, -6.062219E+01,  1.919084E-01,  5.345639E-01,  1.032935E-03,  9.665265E+01,  5.828492E-07,  2.783458E-08,  3.362150E-07,  1.234952E-09,  1.529261E-06, -6.062219E+01,  1.919084E-01,  5.345639E-01,  1.596850E-03,  9.665265E+01,  8.514366E-07,  2.684336E-08,  5.197614E-07,  1.173020E-09,  2.256345E-06, -6.062219E+01,  1.919084E-01,  5.345639E-01,  1.960969E-03,  9.665265E+01,  1.018034E-06,  2.596768E-08,  6.382756E-07,  1.132662E-09,  2.714325E-06
